Age,Gender,FoodCarbohydrate,FoodFat,FoodProtein,FoodSodium,oldenergy,FoodMonounsaturatedFat,FoodPolyunsaturatedFattyAcid,FoodSaturatedFat,FoodTotalSugar,FoodAddedSugar,FoodFibre,FoodFruit,FoodVegetable,FoodRedMeat,FoodProcessedMeat,FoodLegume,FoodCalcium,FoodIron,FoodVitaminC,FoodCopper,FoodZinc,FoodAlcohol,Height,Weight,PhysicalActivity,BMR,EnergyIntake,ratio,Income
0,0,96.8434697,33.38830272,27.24476957,0.938778424,1890.546508,13.22786599,5.909961859,12.17912592,41.94612663,24.60194574,6.622817008,39.50026425,62.36798955,12.25599228,23.03073755,7.403172865,358.6428072,4.207142824,31.27309921,0.404269489,3.16490059,0,63.4,6.05,1.725938497,461.6895,796.8476816,0.421490653,621.3036415
1,0,129.9559942,44.80809389,36.57203618,1.260242073,1892.437989,17.75489153,7.930428736,16.34170925,56.28215344,33.03434189,8.888429142,52.99813949,83.69674817,16.45185437,30.92703805,9.942556253,481.1667983,5.646070032,41.93930177,0.542629289,4.24772614,0,81.7,10.9,1.725939106,619.596,1069.384966,0.565083227,621.3880701
2,0,147.3020143,50.79731848,41.48001163,1.429526729,1896.194329,20.13413575,8.988435501,18.51920379,63.78056971,37.48948182,10.07741169,60.05504417,94.87786728,18.65982561,35.10346283,11.28804178,545.1592821,6.400632045,47.47713099,0.615355061,4.816259149,0,91.9,13.3,1.725940373,702.402,1212.30397,0.6393353,621.5588388
3,0,160.6219272,55.4043678,45.2735375,1.560514779,1901.762959,21.96991313,9.800547755,20.18790823,69.52508164,40.95250959,10.9928481,65.4603051,103.4742934,20.36681428,38.35492193,12.33890202,594.077826,6.980892045,51.67288888,0.671477272,5.254332212,0,99.6,15.35,1.725942395,766.0865,1322.221169,0.695260765,621.8197569
4,0,173.1900963,59.75902495,48.87609188,1.685032712,1909.066692,23.71029893,10.56677262,21.75943626,74.93197989,44.25800093,11.85889622,70.5512488,111.5978518,21.98863454,41.46318879,13.34779168,640.0214946,7.529112756,55.57779197,0.724688733,5.669148798,0,106.5,17.55,1.725945321,826.2695,1426.095977,0.747012131,622.1765011
5,0,186.2354711,64.28612948,52.63617643,1.815094583,1918.00567,25.52416102,11.3624039,23.38818233,80.53101188,47.72108518,12.75988317,75.83224319,120.044427,23.68263627,44.72387296,14.41170555,687.5070609,8.098686114,59.5810981,0.780148333,6.10112256,0,112.9,20.3,1.725949353,888.822,1534.061756,0.799821283,622.6365646
6,0,196.4607365,67.84801252,55.62237064,1.918572175,1928.459863,26.95981898,11.98670327,24.66027791,84.89472234,50.49539752,13.46995962,79.96643382,126.6931482,25.03044694,47.34392323,15.27727071,724.344741,8.546130818,62.62518559,0.824046865,6.442371022,0,119,21.9,1.72595475,938.011,1618.964541,0.83951166,623.2091783
7,0,207.1627059,71.58309283,58.76621116,2.027574208,1940.292062,28.46910061,12.64135612,25.99014257,89.44717679,53.42245891,14.21500054,84.30363843,133.6742785,26.45202145,50.1120319,16.20118109,762.6915107,9.014683176,65.76358089,0.870190239,6.801012011,0,125,23.8,1.725961834,989.572,1707.963504,0.880261038,623.9051974
8,0,219.8289749,76.00663509,62.49143735,2.156716667,1953.351266,30.25718182,13.41782345,27.56464225,94.82755706,56.8851358,15.09727786,89.45765173,141.9554474,28.13919197,53.38782158,17.30332421,807.9877787,9.568992774,69.46235192,0.924845573,7.226153869,0,130.6,26.9,1.725970987,1050.621,1813.341365,0.928323234,624.7369457
9,0,231.1914192,79.98995986,65.87034107,2.273977287,1967.476387,31.87488671,14.11743723,28.97436489,99.62285108,60.0356228,15.89250649,94.10860236,149.4350984,29.67546632,56.37606422,18.33009236,848.1854076,10.06670481,72.6835196,0.974278914,7.610637917,0,135.7,29.7,1.725982662,1105.548,1908.15668,0.969849851,625.7180117
10,0,243.6534322,84.36505225,69.58612116,2.402926294,1982.500145,33.65323817,14.88778159,30.52129981,104.8671344,63.49105667,16.76577901,99.2459313,157.6743136,31.36976178,59.65620949,19.47351345,892.0924558,10.61232175,76.18452036,1.028604584,8.033665655,0,140.7,33.1,1.725997375,1165.844,2012.243684,1.015003045,626.8629919
11,0,256.0913575,88.74422896,73.31835381,2.532497174,1998.253089,35.4375015,15.66119321,32.06535201,110.0734786,66.95396357,17.63987076,104.4244594,165.9567474,33.07906478,62.94923182,20.64734007,935.561284,11.15682553,79.61094562,1.083090712,8.458441936,0,145.7,36.5,1.726015713,1226.14,2116.336906,1.059093524,628.187181
12,0,270.9302054,93.96943455,77.76173621,2.686689014,2014.56759,37.56375598,16.58707326,33.91094101,116.2805752,71.05278239,18.68192187,110.6468896,175.8662896,35.11837218,66.84662247,22.05088738,987.4149309,11.80582062,83.71398136,1.148008625,8.965337218,0,151.6,40.5,1.726038325,1298.055,2240.492677,1.112145697,629.7062093
13,0,290.1705894,100.7384987,83.49567279,2.885548085,2031.28174,40.31175869,17.78959885,36.30911459,124.3387566,76.31085021,20.03049759,118.7502741,188.7234428,37.75196745,71.84270832,23.85621352,1054.846786,12.64654904,89.09693669,1.231909057,9.621276324,0,158.5,46,1.726065919,1391.205,2401.311537,1.182165669,631.4356354
14,0,310.9647934,108.0675232,89.70664982,3.100998433,2048.24302,43.28866372,19.09621681,38.90441735,133.0179007,81.97671836,21.48974576,127.5935805,202.70305,40.61516628,77.23259151,25.83987923,1127.390192,13.55502555,94.86890583,1.322791558,10.3326921,0,165.5,52.2,1.726099254,1491.973,2575.293482,1.257318324,633.3905039
15,0,329.2759416,114.5552257,95.22869946,3.292757994,2065.31165,45.93254606,20.26020482,41.19313971,140.588105,86.97565244,22.78069664,135.5366966,215.1893229,43.18171978,82.00501481,27.66857195,1190.388421,14.35541989,99.80211326,1.403498684,10.96565158,0,171.1,58.1,1.726139122,1580.994,2729.015596,1.321357769,635.5848802
16,0,349.5242925,121.7396771,101.3359357,3.504907124,2232.958537,48.85894743,21.55416096,43.72970289,148.9367737,92.46237299,24.20890802,144.4097425,229.0808952,46.03017211,87.24976727,29.71155344,1259.843268,15.24066132,105.2489283,1.492860539,11.66727306,29.95152259,176.2776202,77.36989444,1.726186338,1800.940372,3108.758665,1.392215133,638.0313815
17,0,348.6937583,121.5983018,101.3411995,3.506147816,2250.134662,48.84521336,21.55680379,43.6354071,148.2702772,92.33319996,24.17888802,144.6847501,229.2703341,46.1197851,87.20557028,29.9942039,1252.984382,15.20735988,104.3201514,1.492439164,11.66796615,29.7117777,176.2931612,77.48436386,1.726241709,1797.261052,3102.506991,1.378809475,640.7407191
18,0,348.0479524,121.5287938,101.3932955,3.509126479,2267.347588,48.8573087,21.57611428,43.57069841,147.668387,92.20283075,24.16181416,145.1120086,229.6554167,46.23841268,87.16794619,30.30014332,1246.702261,15.18289162,103.4662953,1.492886593,11.67579467,29.54263076,176.3236679,77.70843357,1.726306015,1794.770176,3098.322551,1.366496503,643.7212726
19,0,347.5687816,121.5248726,101.4864623,3.513681909,2284.529468,48.89251652,21.61048341,43.53356596,147.1246735,92.0655029,24.1565481,145.6804566,230.2249383,46.38299337,87.1335312,30.62410681,1240.952979,15.1668331,102.6871325,1.494147183,11.69008665,29.44117503,176.3679629,78.03276622,1.726379975,1793.367103,3096.033054,1.355216948,646.9787109
20,0,347.2304358,121.5774964,101.612892,3.519581616,2301.632274,48.94704794,21.65770357,43.5209677,146.6297285,91.91433496,24.16145018,146.3745586,230.9615977,46.54943994,87.09826314,30.95956505,1235.667662,15.15842429,101.9797224,1.496133951,11.70990219,29.40345566,176.4242269,78.44430363,1.726464211,1792.910011,3095.394968,1.344869466,650.5156743
21,0,347.0013649,121.6755403,101.7632572,3.526538405,2318.627203,49.01630547,21.71510688,43.52907907,146.1720514,91.74183991,24.17450505,147.1752105,231.8431671,46.73289279,87.0578407,31.29894101,1230.759823,15.1566358,101.3389552,1.498735523,11.73409414,29.42456449,176.4899715,78.9272624,1.72655921,1793.225673,3096.110302,1.335320442,654.3315279
22,0,346.8465587,121.8065873,101.9273328,3.534230325,2335.503308,49.0951942,21.77972665,43.55357806,145.73905,91.54051839,24.19346706,148.0608055,232.8439137,46.92802103,87.0082391,31.63391217,1226.133555,15.16024895,100.7581597,1.501824408,11.76137995,29.49873591,176.5620555,79.46425376,1.726665285,1794.120742,3097.846003,1.326414736,658.4221885
23,0,346.7298916,121.9577463,102.0946479,3.542321698,2352.265454,49.17844708,21.8484664,43.58993727,145.3180506,91.30345903,24.21600956,149.0083725,233.9361421,47.12934113,86.94621174,31.95577989,1221.691702,15.1679392,100.2297096,1.50526564,11.79041696,29.61944265,176.6367653,80.03739994,1.726782531,1795.393409,3100.253973,1.31798644,662.7800243
24,0,346.61633,122.1164239,102.2551048,3.550483157,2368.9317,49.26093413,21.91826265,43.63369781,144.897228,91.02488188,24.23986469,149.994707,235.091738,47.33152569,86.86971681,32.25588388,1217.343311,15.17835542,99.74557921,1.508924983,11.8198748,29.77949399,176.7099767,80.62933682,1.726910778,1796.844429,3102.990012,1.309868922,667.3938187
25,0,346.4738295,122.2709881,102.3995158,3.558408982,2385.530258,49.33792985,21.98622896,43.68070419,144.4663827,90.70057186,24.26294241,150.9974214,236.2836086,47.52967862,86.77822003,32.52603519,1213.009763,15.19018874,99.29781336,1.512676012,11.84849946,29.9711398,176.7773897,81.22402547,1.727049559,1798.2867,3105.730253,1.301903525,672.2487848
26,0,346.2748251,122.4112864,102.5200264,3.565830705,2402.096193,49.40532308,22.0497731,43.72728812,144.0175245,90.32817226,24.28342299,151.9958649,237.4869493,47.71956127,86.67284831,32.75894132,1208.629327,15.20222806,98.87889513,1.516405714,11.8751655,30.18618702,176.83482,81.80733556,1.727198061,1799.552907,3108.184293,1.293946638,677.3266141
27,0,345.9972682,122.5290006,102.6104108,3.572526541,2418.668037,49.45976145,22.10668261,43.7703962,143.5452462,89.90732686,24.29982058,152.9718792,238.6802926,47.89776149,86.55638891,32.94859755,1204.16,15.21340103,98.48201275,1.520018448,11.89891507,30.41613416,176.8785102,82.36740319,1.727355097,1800.501047,3110.104661,1.285874958,682.6055395
28,0,345.6252263,122.6178438,102.6662415,3.578326764,2435.284479,49.49873171,22.15517809,43.80766366,143.046898,89.43967911,24.31101974,153.910379,239.8463234,48.06180487,86.43314949,33.09062147,1199.580779,15.22280198,98.10123786,1.523438377,11.91898384,30.6523293,176.9054217,82.89479584,1.727519075,1801.017896,3111.292771,1.277589044,688.0603954
29,0,345.1490957,122.6736172,102.6849485,3.583115563,2451.981319,49.52058295,22.19393683,43.83744121,142.5225877,88.92875003,24.31628895,154.7997617,240.9724625,48.21021291,86.30870774,33.1825114,1194.891584,15.22970892,97.73163467,1.526610589,11.93481517,30.88615382,176.9134674,83.38253515,1.727687979,1801.020697,3111.601808,1.2690153,693.6626583
30,0,344.565494,122.6941556,102.6657851,3.586830065,2468.788794,49.52450305,22.22209097,43.85878429,141.9750404,88.37972322,24.31527603,155.6321551,242.0512301,48.34251545,86.18958694,33.22381398,1190.112115,15.23359233,97.36931923,1.529501192,11.94606453,31.10923013,176.9016546,83.82602994,1.727859355,1800.45738,3110.937128,1.26010663,699.3804609
31,0,343.8769026,122.6791862,102.6097221,3.589457212,2485.729427,49.51045923,22.23920525,43.87141388,141.4093495,87.79916616,24.30799007,156.4035185,243.0803981,48.4592249,86.08289344,33.21619062,1185.279911,15.23411762,97.01148411,1.532096633,11.95259573,31.31364675,176.8701212,84.22296179,1.728030315,1799.305646,3109.254702,1.250841973,705.1785756
32,0,343.0911067,122.6301249,102.5192823,3.591028987,2502.816439,49.47911166,22.24523894,43.87565596,140.8326477,87.19471248,24.29477267,157.1136055,244.0629322,48.56177795,85.99594708,33.1633777,1180.447816,15.23114227,96.6563952,1.534402392,11.95447028,31.49218871,176.8200636,84.57314595,1.728197542,1797.571126,3106.558001,1.241224867,711.0183784
33,0,342.2204645,122.5498245,102.3983238,3.591616253,2520.052801,49.43170594,22.24049536,43.87236362,140.2537109,86.5747233,24.27625961,157.7657909,245.0067182,48.65244787,85.93592585,33.07104052,1175.680954,15.22470718,96.30335948,1.536441087,11.9519302,31.63855745,176.753571,84.87836804,1.728357318,1795.284715,3102.893476,1.231281136,716.8578108
34,0,341.2810118,122.442278,102.2517748,3.59132119,2537.430886,49.36994704,22.22556112,43.86282278,139.6825064,85.94793793,24.25333223,158.3667587,245.9240552,48.73422757,85.90953601,32.94652651,1171.053255,15.21502084,95.95265524,1.538249912,11.94537391,31.74756145,176.6733916,85.14217838,1.728505553,1792.49906,3098.344578,1.221055752,722.6513678
35,0,340.2913953,122.3122775,102.0853149,3.590268167,2554.932721,49.29585463,22.20123592,43.84863978,139.1296833,85.32311823,24.22705634,158.9260442,246.8309007,48.81068161,85.92270833,32.79852869,1166.643499,15.20243418,95.60541187,1.539877245,11.9353246,31.81525914,176.5826588,85.36961548,1.728637836,1789.284076,3093.024153,1.210608846,728.3501499
36,0,339.2716384,122.1650289,101.9050041,3.588592951,2572.530735,49.21160053,22.16845401,43.83161025,138.6060093,84.70869087,24.19860786,159.4554317,247.7458664,48.88576728,85.98031772,32.63667682,1162.530901,15.18740471,95.26343056,1.54137834,11.92239067,31.83903929,176.4846126,85.5668326,1.728749488,1785.721486,3087.065105,1.200010971,733.9020199
37,0,338.2417594,122.0057247,101.7168648,3.586430323,2590.188922,49.11933077,22.12819905,43.81356999,138.1217647,84.11239266,24.16918495,159.9682177,248.6889827,48.96362688,86.08592068,32.47107882,1158.790262,15.17044966,94.92894301,1.54281008,11.90721882,31.81763038,176.3823404,85.74061662,1.728835636,1781.898388,3080.609431,1.189337737,739.2519093
38,0,337.2203036,121.8390946,101.5264339,3.583900634,2607.864305,49.02098009,22.08141628,43.79623379,137.6861161,83.54093212,24.13991034,160.4783747,249.6802905,49.04835957,86.24151145,32.31183998,1155.486912,15.15209002,94.6043189,1.544225,11.89044183,31.75103948,176.2785595,85.89781365,1.728891281,1777.900155,3073.796077,1.178664116,744.3423132
39,0,336.2228939,121.6689656,101.338318,3.581096284,2625.508567,48.91809279,22.02892835,43.78103352,137.3065112,82.9996881,24.11173068,160.9996703,250.7383511,49.14378745,86.44730554,32.1685903,1152.671744,15.13278997,94.29174739,1.54566501,11.87262495,31.64043069,176.1754542,86.04470586,1.728911388,1773.8032,3066.748553,1.168058864,749.1140057
40,0,335.260941,121.497877,101.1557929,3.578069568,2643.069732,48.81166846,21.9713634,43.76897208,136.9881484,82.49247324,24.085323,161.5448156,251.8788012,49.25323617,86.70156915,32.05005038,1150.376815,15.11289829,93.99292951,1.547155484,11.85421602,31.48796123,176.0745717,86.1864103,1.728890966,1769.668312,3059.563558,1.157579583,753.5069956
41,0,334.3406738,121.3268027,100.9804969,3.57482358,2660.493785,48.70205447,21.90910471,43.7605124,136.7335836,82.02139364,24.06102023,162.1247303,253.1130979,49.37935331,87.00052096,31.96366381,1148.612021,15.09259952,93.70882584,1.548700484,11.83550559,31.29659823,175.976777,86.32638506,1.72882516,1765.535443,3052.302095,1.147269019,757.461722
42,0,333.4626331,121.1550305,100.8122648,3.571307733,2677.726125,48.58890433,21.8422705,43.75551963,136.5425297,81.58683122,24.03876698,162.7480029,254.4475911,49.52398664,87.33833404,31.91531807,1147.363341,15.0718825,93.43950061,1.550279899,11.81660237,31.0699386,175.8822606,86.46612467,1.728709338,1761.420714,3044.984437,1.137153052,760.9204718
43,0,332.6217294,120.9802295,100.6491313,3.567419015,2694.712776,48.47121471,21.77072884,43.7532692,136.4118876,81.18756468,24.01811392,163.4206062,255.8830314,49.68813793,87.70726013,31.90916833,1146.592993,15.05053176,93.18409111,1.55184905,11.79742832,30.81205013,175.7905914,86.60510376,1.728539172,1757.316183,3037.589859,1.127240679,763.8289762
44,0,331.8078854,120.7987123,100.4875157,3.563009287,2711.401299,48.34744246,21.69414798,43.75252387,136.3360202,80.82102756,23.99825357,164.14589,257.4145679,49.87199789,88.09788503,31.94756884,1146.241598,15.02814393,92.94091105,1.553341017,11.77773433,30.52734286,175.700807,86.740988,1.728310719,1753.192514,3030.061415,1.117525988,766.1381241
45,0,331.0071948,120.6058633,100.3225662,3.557897924,2727.741368,48.21568967,21.61207579,43.7516712,136.3072434,80.48368061,23.97809394,164.9248323,259.0322176,50.07505478,88.49950391,32.03110735,1146.232174,15.00416714,92.70767081,1.554671466,11.75713452,30.22047,175.6115306,86.87008388,1.728020491,1749.004204,3022.315104,1.107991813,767.8057095
46,0,330.2034454,120.3966782,100.1486216,3.551888214,2743.685012,48.07393284,21.52403735,43.74890266,136.3164758,80.17145835,23.95636002,165.7564853,260.7217253,50.29625749,88.90058638,32.15872927,1146.475483,14.97795731,92.48177625,1.555745375,11.73515411,29.89624932,175.521108,86.987954,1.72766551,1744.696585,3014.252117,1.098614492,768.7981166
47,0,329.3797968,120.1663358,99.95972517,3.54478525,2759.186515,47.92026411,21.42963585,43.7424074,136.3539671,79.88023668,23.93170887,166.6385267,262.4656734,50.5342049,89.28928479,32.32793228,1146.876055,14.94884257,92.26065222,1.556464718,11.71128352,29.55959093,175.4277558,87.09009445,1.727243362,1740.213517,3005.772247,1.089368997,769.0918362
48,0,328.5203848,119.9107212,99.7501243,3.53641287,2774.202019,47.75311035,21.3286415,43.73055209,136.4100123,79.60626573,23.90284217,167.5678122,264.2446806,50.78733053,89.65393211,32.53500823,1147.338147,14.91618611,92.04203349,1.55673605,11.68503084,29.21541717,175.3297121,87.17256314,1.726752229,1735.504606,2996.786447,1.080233677,768.6747111
49,0,327.6116546,119.6268284,99.51469343,3.526627499,2788.688871,47.57140164,21.22105612,43.71202196,136.4755713,79.34652019,23.86860214,168.5408382,266.03853,51.05405489,89.98348054,32.77530931,1147.770964,14.87943862,91.82417614,1.556477032,11.6559657,28.86856467,175.2253821,87.23246405,1.726190909,1730.530954,2987.226801,1.071194005,767.5468092
50,0,326.643288,119.3130004,99.24923899,3.515327457,2802.604766,47.37467051,21.10714553,43.68590686,136.5427359,79.09893489,23.82804063,169.5540496,267.8271069,51.33288641,90.26784493,33.04351767,1148.092637,14.83817463,91.60596017,1.555621204,11.62374994,28.52366513,175.1134676,87.26822823,1.725558831,1725.268773,2977.052767,1.062244953,765.7208476
51,0,325.6086761,118.968991,98.95067045,3.502457254,2815.906773,47.16307739,20.9874386,43.65172775,136.6050167,78.86251467,23.78045766,170.6039714,269.5910817,51.62246473,90.49813677,33.33390287,1148.232779,14.79211069,91.38687947,1.554120696,11.58815329,28.18500935,174.9930725,87.27967758,1.724856048,1719.710682,2966.253371,1.053391895,763.2221087
52,0,324.5049698,118.5958709,98.61704561,3.488007283,2828.550308,46.93736997,20.86269708,43.60940988,136.6574585,78.63732656,23.72541095,171.6871752,271.3123336,51.92155106,90.6667942,33.64055687,1148.133654,14.74110672,91.16693637,1.551946968,11.54905532,27.85640405,174.8637734,87.26790029,1.72408322,1713.864908,2954.845729,1.04465023,760.0878226
53,0,323.3328014,118.1958173,98.24751791,3.472010009,2840.488165,46.69879372,20.73386474,43.55921716,136.6966135,78.42439782,23.66270302,172.800131,272.9741588,52.22898064,90.76763079,33.95760184,1147.750242,14.68515485,90.94647452,1.549089968,11.50643704,27.54103431,174.72565,87.2349963,1.723241594,1707.752926,2942.870873,1.036044054,756.3660232
54,0,322.0957954,117.7718378,97.84222023,3.454533999,2851.669691,46.44897398,20.60200532,43.50166499,136.7204165,78.22554865,23.59235365,173.9389993,274.5613325,52.54359533,90.79583169,34.27936917,1147.049555,14.62436086,90.72598797,1.545556214,11.46036624,27.24134325,174.5792694,87.18376141,1.722332967,1701.40621,2930.388005,1.027604289,752.1139204
55,0,320.7999785,117.327476,97.40211837,3.435677051,2862.040222,46.18978894,20.46823829,43.43742795,136.7280029,78.04318793,23.51456553,175.0994215,276.0600945,52.86417388,90.74792441,34.60054974,1146.009551,14.55892285,90.50594063,1.541366322,11.4109804,26.95893729,174.4256255,87.11736983,1.721359647,1694.862684,2917.468232,1.019366608,747.3958634
56,0,319.453164,116.8665296,96.92885655,3.415559269,2871.540879,45.92324671,20.33367849,43.36725303,136.7194965,77.88009163,23.42968811,176.2763459,277.4581045,53.18937142,90.62174085,34.91631439,1144.617871,14.48911044,90.28661759,1.536552325,11.35846972,26.69452035,174.2660379,87.03909251,1.720324415,1688.163271,2904.188491,1.01136937,742.2809979
57,0,318.0643418,116.3927966,96.42460408,3.394316441,2880.108832,45.65137301,20.19938256,43.29188301,136.6957813,77.73917408,23.3381818,177.4639021,278.7443834,53.51767233,90.41637452,35.22240212,1142.870486,14.4152452,90.06801552,1.531154945,11.30306131,26.44785596,174.10202,86.95206119,1.71923047,1681.348716,2890.625944,1.003651637,736.8407436
58,0,316.6430698,115.9098475,95.89190201,3.372093667,2887.678116,45.37610982,20.06630235,43.21198891,136.6582522,77.62325365,23.24058196,178.6553155,279.9092258,53.84735379,90.13212641,35.51517171,1140.770225,14.33768201,89.84976677,1.525220813,11.24500402,26.21775271,173.93513,86.85906596,1.718081394,1674.456631,2876.852783,0.996251198,731.1462283
59,0,315.1988462,115.4208173,95.33350302,3.349038996,2894.181075,45.09922236,19.93524395,43.1281074,136.6085375,77.53481028,23.13746098,179.8428396,280.9440569,54.17645308,89.77042772,35.79161302,1138.325076,14.25678982,89.63108521,1.518799555,11.18455312,26.00206818,173.7668208,86.76236283,1.716881101,1667.518635,2862.93123,0.989202526,725.2658177
60,0,313.7404456,114.9282078,94.75220054,3.325296869,2899.550448,44.82221201,19.80683136,43.04057975,136.5481866,77.47573362,23.0293873,181.0176839,281.8412136,54.502732,89.33373048,36.04931632,1135.54621,14.17293082,89.41072192,1.511940699,11.12195395,25.79772745,173.5983048,86.66347104,1.715633803,1660.557481,2848.908546,0.982534568,719.2628743
61,0,312.2752325,114.4337009,94.15065072,3.301001489,2903.722109,44.54623591,19.68147477,42.9494917,136.4783287,77.44706679,22.91688208,182.1699287,282.5936523,54.82363533,88.82536588,36.28640281,1132.445755,14.0864383,89.1869256,1.504690483,11.0574249,25.60075595,173.4304481,86.56295475,1.714343969,1653.584219,2834.812133,0.976268398,713.1938582
62,0,310.8085021,113.9379997,93.53120289,3.276270597,2906.638386,44.27203908,19.559346,42.85461943,136.3993291,77.44875999,22.80037742,183.2884391,283.1946255,55.13624751,88.24938307,36.50142545,1129.034519,13.99759526,88.9574135,1.497088828,10.99114121,25.40633038,173.2637077,86.46020489,1.713016296,1646.59562,2820.64513,0.970414876,707.1068616
63,0,309.3429245,113.4407166,92.89576152,3.251200447,2908.251842,43.99990818,19.44036482,42.75539015,136.3104768,77.47945518,22.6801814,184.3608122,283.6373961,55.43725745,87.61038981,36.69325398,1125.319945,13.9066169,88.71936646,1.48916687,10.92322226,25.20885471,173.0981153,86.35325747,1.71165568,1639.572263,2806.383177,0.964972543,701.0406353
64,0,307.8781939,112.9403445,92.24570897,3.225862951,2908.529341,43.72965889,19.32420128,42.65086983,136.2097558,77.53633013,22.5564576,185.3734088,283.9150861,55.72294747,86.91342412,36.86096227,1121.304686,13.81364147,88.46947036,1.48094552,10.85372547,25.00207101,172.933313,86.23869692,1.710267196,1632.477788,2791.973209,0.959926094,695.0241314
65,0,306.4109698,112.4343348,91.58191326,3.200305831,2907.456181,43.46066696,19.21029816,42.53978875,136.0937433,77.61502816,22.42922488,186.3115216,284.0207428,55.98922267,86.16388159,37.00373549,1116.986138,13.7187329,88.20402294,1.472435469,10.78264984,24.77921378,172.7686334,86.1116937,1.708856072,1625.259779,2777.335042,0.955245709,689.0765569
66,0,304.9351709,111.9193014,90.9048354,3.17455627,2905.040003,43.19194871,19.09791594,42.4206126,135.9576704,77.70969542,22.29838169,187.1597217,283.9476861,56.23169383,85.36751442,37.12081213,1112.357179,13.62189758,87.91911943,1.463638886,10.70995064,24.53321401,172.6032162,85.96621188,1.707427678,1617.852558,2762.366236,0.950887504,683.2078948
67,0,303.4426294,111.3913475,90.21473399,3.148627997,2901.314196,42.92228926,18.98619928,42.29165914,135.7956563,77.81313564,22.16375465,187.9023952,283.6901407,56.44581902,84.53050159,37.21146877,1107.408125,13.523115,87.61091545,1.454552775,10.63556516,24.25695295,172.4361459,85.79539765,1.705987499,1610.181934,2746.950251,0.946795165,677.4198284
68,0,301.9240524,110.8464903,89.51194575,3.122531084,2896.340485,42.65040834,18.87426016,42.15125224,135.6011009,77.91707753,22.02516683,188.5244462,283.2441017,56.62709784,83.65957208,37.27504777,1102.129732,13.42237935,87.27594904,1.445173662,10.55944697,23.94355863,172.2665934,85.5921277,1.704541122,1602.171564,2730.967315,0.942902718,671.7069802
69,0,300.3701751,110.2811379,88.79720252,3.096283123,2890.210424,42.37514496,18.76126936,41.99789629,135.3671894,78.01253345,21.88251662,189.0120988,282.6083117,56.77130027,82.76214615,37.31101858,1096.516796,13.31974628,86.91148628,1.43550298,10.48160422,23.5867294,172.0939413,85.34966366,1.703094207,1593.750273,2714.306858,0.939138146,666.058366
70,0,298.7729499,109.6925543,88.0719342,3.069920081,2883.045554,42.09563686,18.64654485,41.83044782,135.0874433,78.09021409,21.73585495,189.3537015,281.7851883,56.87470235,81.84645072,37.31905692,1090.571777,13.21537757,86.51584338,1.425552323,10.40213597,23.18106218,171.9178763,85.06233282,1.701652466,1584.859432,2696.879961,0.935427453,660.4589605
71,0,297.1265882,109.0792436,87.33850199,3.043504933,2874.99606,41.81146799,18.52962522,41.64825788,134.7562359,78.1409537,21.58544765,189.5404137,280.781515,56.93429464,80.92156212,37.29912111,1084.307768,13.10957553,86.08863216,1.415347649,10.32126014,22.72235857,171.7384326,84.72614126,1.700221624,1575.459355,2678.630063,0.93169869,654.8912714
72,0,295.4282923,108.4411912,86.60031439,3.017132471,2866.237842,41.52276034,18.41031688,41.45126141,134.3691947,78.15609889,21.43181085,189.5666641,279.6087317,56.94793065,79.99733866,37.25150548,1077.750209,13.00280015,85.63088269,1.404931638,10.23932731,22.20788157,171.5559806,84.33922793,1.698807383,1565.533766,2659.540319,0.927885425,649.336833
73,0,293.6785507,107.7799159,85.86179293,2.99092914,2856.968034,41.23019346,18.28870742,41.23999568,133.9234292,78.12781899,21.27571116,189.4302896,278.282704,56.91438882,79.08422101,37.17685428,1070.936926,12.89566413,85.14500995,1.39436364,10.15681673,21.63653947,171.371159,83.90208815,1.697415372,1555.091604,2639.636394,0.923929271,643.7775402
74,0,291.8809468,107.098317,85.12817934,2.965047591,2847.399101,40.93494584,18.16514217,41.01554158,133.4175509,78.04931131,21.11812803,189.1323191,276.8229375,56.83333592,78.192901,37.07612789,1063.916311,12.78890465,84.63461615,1.38371703,10.07431321,21.00898187,171.1847624,83.41752851,1.6960511,1544.165875,2618.98423,0.919781224,638.1967699
75,0,290.0415105,106.4003342,84.40520155,2.939656514,2837.751759,40.63856523,18.04016704,40.77939351,132.8514932,77.91489356,20.96018168,188.6764196,275.2512918,56.70519585,77.3338825,36.95052283,1056.743836,12.68333432,84.1041455,1.373074228,9.992467237,20.32760263,170.9976011,82.89035875,1.694719892,1532.809691,2597.683074,0.915401802,632.5802504
76,0,288.1677314,105.6904694,83.69864134,2.914927146,2828.247057,40.34278727,17.91444636,40.53327684,132.2261727,77.71999834,20.80303692,188.0680877,273.5903404,56.53094628,76.51697872,36.80135747,1049.477356,12.57977777,83.55843512,1.362520062,9.911943256,19.59645562,170.8103595,82.32686904,1.693426832,1521.090169,2575.854905,0.910760218,626.9166669
77,0,286.2674078,104.9732453,83.01386401,2.891018464,2819.098035,40.04933053,17.78866869,40.27894121,131.5430692,77.46110299,20.64779672,187.3137138,271.8615878,56.31187843,75.75080317,36.62994307,1042.171908,12.47900274,83.00222365,1.352134426,9.833363367,18.82109733,170.6234779,81.73417732,1.69217669,1509.081168,2553.631976,0.905832981,621.1980065
78,0,284.3475503,104.2526881,82.35537964,2.868063382,2810.501421,39.75970154,17.66345594,40.01796304,130.8038142,77.13564069,20.49540258,186.4196788,270.0837944,56.04936455,75.04231666,36.43746468,1034.874845,12.38165593,82.43968975,1.341985379,9.757254705,18.00837537,170.4370838,81.11955201,1.690973864,1496.856098,2531.144541,0.900602477,615.4196659
79,0,282.4135386,103.5319192,81.72650099,2.846158088,2802.629828,39.47504096,17.53929055,39.75158949,130.0098795,76.74193907,20.34655718,185.3916317,268.271641,55.74467528,74.39648602,36.22489486,1027.622067,12.28821324,81.8740879,1.332123739,9.68400829,17.1661824,170.2509867,80.48981728,1.689822313,1484.481942,2508.510707,0.895056023,609.5803563
80,0,280.4686959,102.8129199,81.12914885,2.825356235,2795.624928,39.19603629,17.41647249,39.48064926,129.1624363,76.27922339,20.2016817,184.2340737,266.4349229,55.39888125,73.81609639,35.99295838,1020.435977,12.19895189,81.30753486,1.322580018,9.613855452,16.30319147,170.0647429,79.85093036,1.688725495,1472.015437,2485.829998,0.889185804,603.6818494
81,0,278.5590921,102.0978918,80.48899189,2.80305898,2786.805503,38.910986,17.29274312,39.219197,128.4051418,75.92707511,20.05206712,183.2852322,264.6515537,55.1192148,73.14055331,35.79281251,1013.213825,12.10410813,80.74754623,1.312636952,9.539606417,15.44401068,169.877782,79.2077867,1.687686321,1459.501927,2463.181437,0.883872748,597.7286143
82,0,276.6445728,101.3857336,79.87506589,2.781677604,2778.770167,38.63097291,17.17032602,38.95469315,127.60702,75.52090073,19.90589585,182.2363717,262.8531876,54.8077147,72.51820381,35.57781267,1006.059545,12.01276306,80.1880443,1.302965805,9.467956544,14.58228429,169.6895747,78.56426575,1.686707106,1446.976857,2440.626147,0.878311627,591.7273939
83,0,274.7376823,100.6765033,79.2641108,2.760399706,2770.73975,38.35218427,17.04842751,38.69119968,126.8113494,75.11534568,19.76037921,181.1898692,261.0618098,54.49687423,71.89936782,35.36340174,998.9354183,11.9218524,79.63081094,1.293338804,9.396644736,13.73113155,169.499815,77.92348566,1.685789542,1434.469465,2418.213623,0.872768228,585.6867668
84,0,272.837442,99.96984182,78.65584084,2.739215334,2762.778042,38.07448276,16.92698668,38.42857906,126.0176831,74.71014903,19.61544633,180.1450915,259.2764916,54.18650313,71.28378244,35.14945554,991.8378764,11.83133324,79.07556228,1.283751306,9.325637178,12.89835209,169.3085854,77.28819773,1.684934675,1422.007754,2395.990172,0.867239473,579.6167355
85,0,270.9439829,99.26579656,78.05029066,2.718125694,2754.945523,37.79788599,16.80601144,38.16684998,125.226086,74.30535247,19.47110619,179.1021356,257.4973585,53.87663078,70.67147578,34.93599249,984.7673852,11.74121083,78.52233601,1.274203895,9.254938033,12.09119677,169.1164748,76.66122785,1.684142904,1409.623634,2374.007641,0.861725802,573.5283724
86,0,269.0595164,98.56517711,77.4480937,2.697152846,2747.2978,37.52270173,16.68563878,37.90632426,124.4375852,73.90156939,19.32751723,178.0624761,255.7265134,53.56770097,70.06301754,34.72329961,977.7319713,11.65158053,77.97177278,1.264706932,9.18462248,11.31621726,168.9246296,76.04586599,1.683413992,1397.357136,2352.330555,0.856234281,567.4335476
87,0,267.1889283,97.86977232,76.85065061,2.676345567,2739.884294,37.24961017,16.56617133,37.64769071,123.6544481,73.50015257,19.18502962,177.0293659,253.9686019,53.26069272,69.45966876,34.51201032,970.749371,11.56265314,77.42528802,1.255283321,9.114856728,10.579125,168.7347266,75.44611801,1.682747086,1385.25876,2331.040141,0.850780504,561.3447495
88,0,265.339876,97.18238542,76.26015434,2.655780228,2732.74722,36.97967686,16.44808332,37.39202908,122.880232,73.1032267,19.04419188,176.0079119,252.2309058,52.95714303,68.86340128,34.30311859,963.8473755,11.47475876,76.88509997,1.245968935,9.045901046,9.884668279,168.5488695,74.86676238,1.682140756,1373.389391,2310.234268,0.845388937,555.2750043
89,0,263.5223639,96.50667795,75.679465,2.635556432,2725.920884,36.71429296,16.33199402,37.14075046,122.1195909,72.71357695,18.90571996,175.0048029,250.5229403,52.65906543,68.2767816,34.09792553,957.0622778,11.388328,76.35410638,1.236810591,8.978094979,9.236538543,168.3694232,74.31319411,1.68159305,1361.817704,2290.023187,0.840091582,549.2378872
90,0,261.7478638,95.84684732,75.11185497,2.61578814,2719.431299,36.45505213,16.21861309,36.89547353,121.3778719,72.33441102,18.77043382,174.0277344,248.8556189,52.36877693,67.70273832,33.89792686,950.4356723,11.30385364,75.83562951,1.227861892,8.911827147,8.637316083,168.1988094,73.7910796,1.681101548,1350.615444,2270.521714,0.834925197,543.2476141
91,0,260.0281289,95.20719211,74.56066698,2.596591765,2713.296126,36.2035851,16.10866703,36.65785747,120.6605668,71.96903389,18.6391722,173.0846246,247.240126,52.08866217,67.14425244,33.70465993,944.0101416,11.22183923,75.3330723,1.219177654,8.847494711,8.088461726,168.0392902,73.30588289,1.680663435,1339.851334,2251.839145,0.829927527,537.3191953
92,0,258.3739019,94.59163922,74.02894383,2.578073269,2707.524909,35.96137978,16.00281915,36.42941988,119.9727128,71.62049052,18.51269996,172.1827549,245.6866887,51.82091484,66.60402383,33.51953643,937.8245682,11.14274334,74.84954426,1.210807841,8.785459426,7.590356311,167.8927708,72.86234684,1.680275573,1329.584662,2234.06863,0.825133177,531.4686275
93,0,256.7937279,94.00330941,73.51908944,2.56031637,2702.119566,35.7296163,15.90159609,36.21136926,119.3183394,71.29123408,18.39162326,171.3279737,244.2034475,51.56729799,66.08416784,33.34368758,931.9098293,11.06692854,74.38751753,1.202792024,8.726007404,7.142384049,167.7606433,72.46401953,1.67993458,1319.859576,2217.277742,0.820569811,525.7131017
94,0,255.293058,93.44418967,73.03261502,2.543373695,2697.075103,35.5090429,15.80533252,36.00447843,118.7000482,70.98287222,18.27632572,170.52409,242.7956031,51.32896116,65.58598979,33.17784647,926.2855523,10.99462309,73.94856753,1.195155207,8.669318922,6.743051673,167.6436917,72.11290469,1.679636909,1310.700991,2201.501761,0.816255268,520.0711984
95,0,253.8737662,92.91495685,72.57000413,2.527262084,2692.380496,35.29990933,15.71414135,35.80901601,118.1187833,70.69602587,18.16693426,169.7725375,241.4649555,51.10633927,65.1098677,33.02228339,920.9583713,10.92590067,73.53323312,1.187905601,8.615452356,6.390132336,167.542064,71.80928926,1.67937892,1302.1127,2186.740619,0.812195982,514.5630474
96,0,252.5341232,92.41496896,72.13070947,2.511962474,2688.019676,35.10196417,15.62791244,35.6247425,117.573814,70.43031449,18.06331785,169.0723439,240.2098778,50.899143,64.65525361,32.8768005,915.9218472,10.86067973,73.14100949,1.181034548,8.564343711,6.080822557,167.4553107,71.5517667,1.679156956,1294.077841,2172.959809,0.808386869,509.2104282
97,0,251.2691925,91.94241066,71.71326974,2.497423976,2683.972589,34.91451063,15.54633729,35.45096579,117.0629132,70.18445899,17.96511633,168.4203823,239.0256918,50.70643424,64.2207826,32.74078131,911.1579147,10.79874107,72.77046307,1.174518412,8.515820433,5.811901283,167.3824775,71.3374406,1.678967408,1286.561516,2160.094854,0.804812561,504.0367931
98,0,250.0715466,91.49455595,71.31551757,2.483571109,2680.216256,34.73650679,15.46895356,35.28664188,116.5826866,69.95647525,17.87179211,167.8118391,237.9053481,50.52676681,63.80446265,32.61328225,906.6394907,10.73975912,72.4194392,1.168321967,8.469626032,5.579882198,167.3222358,71.16226428,1.678806771,1279.514994,2148.058436,0.801449671,499.0671963
99,0,248.9321641,91.06809687,70.93483793,2.470312804,2676.725804,34.56669075,15.39520071,35.13050132,116.1289872,69.74392015,17.78269466,167.2408074,236.8402785,50.35836484,63.40390864,32.4931484,902.3337355,10.68334074,72.0853222,1.162402612,8.425450726,5.381152772,167.2730302,71.0214562,1.678671697,1272.880786,2136.748949,0.798269642,494.3281221
100,0,247.8413606,90.6594843,70.56843499,2.457551695,2673.475427,34.40371026,15.3244777,34.9811804,115.6973474,69.54414929,17.69712716,166.7009066,235.8212812,50.19930932,63.01658263,32.37913411,898.2054312,10.62906546,71.76530496,1.156714739,8.382963108,5.21209603,167.2332237,70.90992712,1.678559034,1266.59782,2126.059213,0.795241726,489.8472058
101,0,246.7896253,90.26523414,70.21357097,2.445192438,2670.439254,34.24623891,15.25619471,34.83733923,115.2833688,69.35455072,17.61440642,166.185843,234.8393169,50.04770693,62.64000771,32.27001207,894.2200166,10.57652139,71.45663134,1.151213641,8.341838503,5.069193017,167.2012248,70.82266374,1.678465859,1260.606066,2115.884244,0.792335658,485.6528529
102,0,245.7682733,89.88216566,69.86775124,2.433148156,2667.5921,34.09306661,15.18981345,34.69775377,114.8830272,69.17272872,17.53390928,165.6898503,233.8861291,49.90182256,62.27193284,32.1646587,890.3459476,10.52533315,71.15678483,1.145858551,8.301780973,4.949105557,167.175584,70.75503049,1.678389503,1254.850155,2106.127328,0.789523754,481.7737627
103,0,244.7698707,89.50755711,69.52884441,2.421344625,2664.910096,33.94315841,15.12487342,34.56137602,114.492873,68.99662552,17.45510291,165.2079796,232.9546495,49.76016693,61.91043882,32.06211036,886.5562373,10.47517995,70.86361183,1.140614618,8.262537602,4.848740141,167.1550576,70.70297049,1.678327564,1249.281785,2096.704055,0.786782285,478.2383722
104,0,243.7884315,89.13921722,69.19513665,2.409722158,2662.371194,33.7956814,15.06100392,34.42736188,114.1101248,68.82457941,17.37755859,164.7362377,232.0391857,49.62153807,61.55398506,31.96158982,882.8291624,10.42580381,70.57537831,1.135453802,8.223904976,4.765294521,167.1386359,70.66310628,1.678277916,1243.860906,2087.544289,0.784092126,475.0742412
105,0,242.8194203,88.77548591,68.86533086,2.398235586,2659.955561,33.65000482,14.9979242,34.29507167,113.7326733,68.65532857,17.30095167,164.2715934,231.135424,49.48502361,61.20140714,31.86250745,879.1482675,10.37700944,70.29077054,1.130354875,8.185729114,4.696289263,167.1255439,70.63275431,1.678238715,1238.555865,2078.592403,0.78143877,472.3074006
106,0,241.8596108,88.41518244,68.53850501,2.386852797,2657.645864,33.50568012,14.93543457,34.1640503,113.3590171,68.48797416,17.22505132,163.8118886,230.2402958,49.34997384,60.85187805,31.76444348,875.5018497,10.32865803,70.00885406,1.125302742,8.147900552,4.639586757,167.1152195,70.60987607,1.678208394,1233.342784,2069.806212,0.778811895,469.9616937
107,0,240.9068609,88.05752291,68.21404703,2.375552476,2655.427469,33.3624095,14.87340244,34.03399562,112.9881593,68.32191932,17.14970427,163.3556902,229.3517637,49.21595736,60.50484884,31.66711919,871.8821393,10.28065742,69.72900847,1.120287384,8.110346619,4.593400433,167.1072794,70.59299089,1.678185662,1228.204475,2061.155141,0.776204647,468.0581383
108,0,239.959856,87.70202612,67.89158082,2.364321526,2653.288576,33.22001012,14.81174645,33.90472223,112.6194887,68.15679854,17.07481642,162.9021201,228.4685775,49.08270985,60.15998178,31.57036374,868.2843664,10.23295099,69.45085297,1.115302647,8.073022672,4.556296789,167.1014791,70.58107335,1.678169498,1223.129167,2052.61806,0.773612821,466.6143402
109,0,239.0178638,87.34842386,67.57089608,2.353152623,2651.220287,33.07837992,14.75042118,33.7761269,112.2526659,67.99240966,17.00033523,162.4506917,227.5900409,48.95008492,59.81708714,31.47408235,864.705871,10.18550709,69.17417534,1.110345092,8.035903761,4.527192702,167.0976742,70.57345397,1.67815914,1218.109269,2044.181203,0.771034083,465.6439845
110,0,238.0805308,86.99658649,67.2518902,2.342042193,2649.216658,32.93746945,14.68940468,33.64815991,111.8875285,67.82865725,16.92623518,162.0011742,226.7158181,48.81801315,59.4760712,31.37822983,861.145366,10.13831031,68.8988731,1.105413049,7.998977734,4.505350129,167.095788,70.56973589,1.678154086,1213.140337,2035.836413,0.768467315,465.1564306
