,quantile
1,1.091284634
2,1.138244323
3,0.538139982
4,1.096308388
5,1.217391775
6,0.590547058
7,1.159085753
8,1.073302552
9,0.863066302
10,0.863015256
11,1.142977884
12,1.435403831
13,1.238471977
14,0.78092681
15,1.329755595
16,1.620971974
17,0.734404758
18,1.613948038
19,0.920365503
20,1.174685892
21,1.149182945
22,0.896022595
23,0.598598226
24,0.878345834
25,0.912082961
26,0.874751197
27,1.265962083
28,1.63058129
29,1.136878237
30,0.807004563
31,0.563590563
32,1.083503454
33,1.144026127
34,1.233313477
35,0.91772076
36,0.878960416
37,1.239984638
38,0.856363881
39,0.612594367
40,0.886726529
41,0.920365503
42,1.210942098
43,1.018984078
44,1.100563002
45,0.980053849
46,0.611883125
47,0.8612409
48,1.050311137
49,0.985992984
50,1.228113826
51,0.953675402
52,1.30172919
53,0.939707647
54,1.010537739
55,1.604544494
56,0.925274527
57,1.352307212
58,1.899606037
59,1.199014387
60,0.942655975
61,0.986353419
62,1.149140959
63,0.846263097
64,0.928395118
65,0.774816189
66,0.997836115
67,0.863997967
68,1.056145704
69,1.04424846
70,0.849128325
71,0.859195895
72,1.066893771
73,1.10512392
74,0.833032729
75,0.737920176
76,0.806918627
77,1.123605132
78,0.511680784
79,0.952033343
80,1.367010922
81,0.829594871
82,0.78562809
83,1.013955996
84,0.925440607
85,1.056770636
86,1.06654372
87,1.104279042
88,1.633107552
89,1.001836135
90,1.343101662
91,1.071981129
92,1.001961747
93,1.142760404
94,1.04827579
95,1.327976377
96,0.944734872
97,0.845435089
98,0.865446754
99,0.839217887
100,0.902108171
101,1.057176683
102,0.733058322
103,1.038216468
104,0.945323391
105,0.704277431
106,1.163007945
107,1.370582693
108,0.912082961
109,0.753455182
110,1.184321516
111,1.363402345
112,1.332276047
113,0.961754785
114,1.036876231
115,1.012277308
116,0.913787859
117,0.873660697
118,1.198681717
119,0.708164399
120,0.981876958
121,1.136878237
122,0.819769054
123,0.733623454
124,0.988516224
125,0.885878279
126,0.88400047
127,1.641711877
128,1.104359434
129,0.725451958
130,0.661170367
131,1.038216468
132,0.9233904
133,0.907462569
134,0.981145767
135,0.880366999
136,1.646832522
137,0.873300354
138,1.001938778
139,0.98497499
140,0.893804677
141,0.832986789
142,0.960959975
143,1.078392536
144,1.160603475
145,0.899094604
146,0.999727746
147,1.414145799
148,1.770107995
149,0.871604417
150,1.154791438
151,1.015134874
152,1.119471054
153,0.791019927
154,0.870906855
155,1.100225133
156,0.7919666
157,1.236976793
158,1.113269989
159,0.76791071
160,1.245668223
161,0.739418891
162,1.107303344
163,1.409941235
164,0.865423637
165,1.163264885
166,0.878313857
167,0.671976868
168,1.07536739
169,0.886337958
170,1.521686659
171,0.906202736
172,0.919437471
173,0.927165304
174,1.054284832
175,0.986961645
176,0.939316839
177,1.320332425
178,0.944707709
179,1.164910871
180,1.068326094
181,1.401169875
182,1.300687889
183,0.565639756
184,0.851359999
185,1.845385523
186,1.309178276
187,1.63692826
188,0.616672683
189,0.742549623
190,0.991794907
191,1.129048631
192,0.657458421
193,0.594620041
194,1.004290409
195,0.966199252
196,0.992033477
197,1.150689503
198,1.050740842
199,1.169174291
200,1.316414791
201,0.689006859
202,1.575823005
203,0.885170759
204,1.580376381
205,1.218667382
206,0.666231188
207,0.863015256
208,0.820623285
209,1.22999425
210,0.888137278
211,1.100333355
212,1.141314175
213,0.81758975
214,1.001161679
215,0.916079079
216,1.272446418
217,1.214881939
218,1.449440181
219,0.72441282
220,0.891130576
221,1.462611286
222,0.882968707
223,1.068909614
224,0.911100453
225,0.907270915
226,1.065256839
227,1.027842474
228,1.021304688
229,0.928790209
230,0.583701766
231,1.127656657
232,0.957652454
233,0.813823087
234,1.154994635
235,1.333213896
236,0.688328981
237,0.910896272
238,1.305622429
239,0.9716377
240,1.101907508
241,1.666058351
242,1.091117101
243,0.916549406
244,1.1997542
245,0.885454242
246,1.168142113
247,1.011096069
248,0.921937976
249,0.773741544
250,1.25910929
251,0.737224248
252,1.316037221
253,0.809783639
254,0.555442714
255,0.730997687
256,0.513152511
257,1.254187106
258,0.867743426
259,0.747772471
260,1.025980789
261,0.776758084
262,0.900922377
263,0.98105467
264,0.942655975
265,1.246735262
266,1.143620652
267,0.875946483
268,1.149670407
269,0.80786859
270,1.090180589
271,1.154614658
272,0.805484291
273,0.760404635
274,1.056378846
275,1.339629801
276,1.051887795
277,0.828370633
278,1.022501958
279,0.84902322
280,1.049049898
281,0.613686366
282,0.927928445
283,1.079574995
284,1.501782327
285,0.97080329
286,1.067744839
287,1.077166387
288,0.977324947
289,1.23134365
290,0.927091497
291,1.263341215
292,1.098681002
293,0.831823737
294,0.870903064
295,0.925977005
296,0.988353254
297,0.867743426
298,0.746558937
299,0.647972672
300,1.100809926
301,0.968194766
302,1.116334119
303,0.802398638
304,1.016363891
305,0.934000356
306,0.933045529
307,0.911229056
308,1.136700157
309,0.863605415
310,0.807880885
311,0.770556953
312,1.039652339
313,0.881269158
314,0.887706031
315,1.354528539
316,0.93616288
317,1.025147788
318,1.05307482
319,0.841896004
320,1.102950867
321,1.34694225
322,0.679038159
323,0.8075811
324,1.177968625
325,0.992509219
326,0.826936884
327,0.922601715
328,0.529157267
329,0.91929537
330,0.891917003
331,1.31625745
332,0.852052966
333,0.539211885
334,1.182006691
335,1.188049812
336,1.061261608
337,1.363647964
338,0.988884392
339,0.837902819
340,0.939481717
341,0.908651584
342,1.166285854
343,1.374368462
344,1.3424196
345,1.024255923
346,0.716053957
347,0.908286618
348,0.845700089
349,1.361366785
350,0.867445155
351,1.161794753
352,0.669744554
353,0.68807759
354,1.058255596
355,1.143619263
356,0.744790068
357,0.538229504
358,1.339475879
359,1.022483907
360,1.070098165
361,1.190649387
362,0.889350335
363,0.701998353
364,0.682442811
365,0.931203948
366,0.718088242
367,1.215415788
368,1.120180708
369,0.977745943
370,0.851262248
371,1.038076804
372,1.095981735
373,1.107031893
374,0.855128425
375,0.911631235
376,0.827897854
377,1.086165973
378,1.134756239
379,1.417231736
380,1.110919612
381,0.809123004
382,0.619114003
383,1.067772218
384,0.738550121
385,0.937004754
386,1.379804034
387,1.919011568
388,0.999574858
389,1.070607214
390,0.802769461
391,0.744718721
392,1.097483598
393,0.721715046
394,1.410057136
395,1.353721327
396,0.859687295
397,0.546155656
398,0.866967556
399,1.164772317
400,0.957300375
401,1.109847054
402,0.692934122
403,0.605455776
404,0.960573907
405,0.798208092
406,0.497146987
407,1.170686687
408,0.881231976
409,0.980721074
410,0.670824253
411,1.200032108
412,0.893137953
413,0.679866563
414,0.884934536
415,1.103616876
416,0.825988575
417,0.638118161
418,1.186469811
419,0.932444079
420,0.880736335
421,1.195228553
422,0.963086931
423,1.114074142
424,1.131028736
425,1.160474285
426,0.90365969
427,1.089506874
428,0.834106049
429,0.702183546
430,1.030369442
431,0.692985339
432,1.179751524
433,0.967079343
434,0.663181287
435,1.348299876
436,0.929065813
437,0.992847482
438,0.827908752
439,0.635476341
440,0.676508526
441,1.012361157
442,1.150680494
443,1.061124935
444,0.826261216
445,0.94488474
446,0.944915629
447,1.102361454
448,0.974832652
449,0.605455776
450,0.85473518
451,0.929291253
452,0.776564256
453,0.975590659
454,1.233336294
455,1.058602597
456,1.262303702
457,0.876688973
458,1.452501298
459,0.833162011
460,0.681587409
461,0.964165198
462,1.266547635
463,1.120325152
464,0.92704185
465,0.778320702
466,0.757479857
467,0.524853604
468,1.138943844
469,0.829624904
470,1.252854793
471,0.670130285
472,0.704858093
473,0.878791462
474,1.041736888
475,1.084643414
476,0.892274918
477,1.197878136
478,1.058408688
479,1.145218346
480,0.803333174
481,0.73365189
482,1.192099419
483,0.890886818
484,0.78234781
485,1.046466325
486,0.6942035
487,0.968709198
488,0.97206285
489,1.866863739
490,0.764461174
491,0.900413945
492,0.570262939
493,1.060815278
494,0.584380102
495,0.900608966
496,0.811794077
497,1.146507413
498,1.296797721
499,0.962485308
500,1.486664105
501,0.898736968
502,1.281072979
503,0.868104977
504,1.367216818
505,1.366829395
506,1.429847608
507,0.944433311
508,0.92862314
509,0.967570623
510,0.957085379
511,1.246101129
512,0.894210518
513,1.164873652
514,0.79519798
515,0.839519099
516,0.912794958
517,0.7172321
518,0.982745831
519,0.848145815
520,0.458535833
521,1.706638018
522,1.220591577
523,1.070231522
524,1.00859222
525,0.8679635
526,0.941651073
527,0.710795508
528,0.53189299
529,0.982376357
530,0.968250528
531,0.722951726
532,1.323957753
533,1.832688879
534,1.239794834
535,1.025647156
536,0.946542678
537,1.168339019
538,0.818682583
539,1.228831637
540,0.77731016
541,0.896551511
542,1.372412748
543,1.061766037
544,1.214387782
545,0.976248477
546,0.725875137
547,1.186748941
548,1.476537484
549,1.10459106
550,0.96213119
551,1.745287317
552,0.837369229
553,0.918923145
554,0.711275401
555,0.805463238
556,1.233607812
557,1.104055238
558,0.645672323
559,0.774535601
560,1.109098317
561,0.797063185
562,0.901142382
563,1.254619573
564,0.937400089
565,1.084361944
566,1.331233065
567,1.08650133
568,0.871553332
569,0.783646493
570,0.805482652
571,1.258613017
572,0.822310567
573,1.502891009
574,1.439433326
575,1.197311746
576,0.83046225
577,0.925035443
578,0.558652676
579,0.688336339
580,0.691797911
581,0.911477879
582,0.780363892
583,0.771358448
584,0.731225853
585,0.930795553
586,1.058550561
587,0.72457772
588,0.858425646
589,1.409941235
590,0.838484393
591,0.808680968
592,0.818864805
593,1.146845188
594,1.384666486
595,1.252643622
596,1.530013081
597,0.844808375
598,0.866507531
599,0.978451271
600,1.229457267
601,1.239519852
602,1.20402635
603,1.060133295
604,0.809001924
605,0.960858917
606,0.82371109
607,1.078536453
608,1.840731006
609,1.399912257
610,0.761075479
611,1.308509912
612,1.209404382
613,0.803268493
614,1.062469182
615,1.319383452
616,0.872229811
617,0.951462575
618,0.778944231
619,1.023854221
620,1.445903453
621,1.283903248
622,1.201870918
623,1.981029851
624,0.903805372
625,1.203126247
626,0.980264322
627,1.591790159
628,0.576626072
629,0.913009078
630,1.130547753
631,1.282841587
632,0.885104108
633,1.338379251
634,1.045792376
635,1.569519542
636,1.447237516
637,1.56674451
638,1.081161447
639,1.538970306
640,0.731889531
641,0.610262593
642,1.208281531
643,1.165814791
644,1.323331664
645,1.023636147
646,1.043931598
647,0.926835418
648,1.206069333
649,1.031468057
650,0.714502613
651,0.972718936
652,1.192031834
653,1.019537407
654,1.018523074
655,1.232162677
656,0.947382732
657,0.899400375
658,0.909674631
659,1.264983414
660,1.544849477
661,0.804765694
662,0.637094551
663,0.71894918
664,1.047290425
665,0.872182004
666,0.876473108
667,0.946257768
668,1.254576549
669,0.904750341
670,0.990796356
671,1.007376222
672,0.814105561
673,1.217165095
674,0.990459564
675,1.205518272
676,1.026861871
677,0.636131138
678,0.932254276
679,1.087364255
680,0.986800232
681,0.981027137
682,0.744696115
683,0.545693432
684,0.600544853
685,1.031601331
686,0.890158938
687,0.889399586
688,0.854260034
689,0.962582004
690,0.846276067
691,1.097200709
692,1.114679464
693,0.666346189
694,1.090884268
695,1.087080136
696,0.577904474
697,1.005718172
698,0.87227651
699,0.787579655
700,1.10849981
701,0.84906764
702,0.959450399
703,0.915145878
704,1.02012919
705,0.734046961
706,0.874694601
707,1.012122604
708,1.033693304
709,0.468922939
710,0.483297299
711,1.0648869
712,0.539962704
713,0.9608588
714,0.935221517
715,1.061657536
716,0.976587145
717,1.331857194
718,0.863741453
719,1.289674852
720,1.309375836
721,1.48558901
722,1.4291896
723,0.892195924
724,0.912107929
725,1.273671648
726,0.837502607
727,1.234695895
728,1.037572974
729,0.730555852
730,0.82788242
731,1.002649836
732,1.070005797
733,1.141073801
734,0.841635984
735,0.967299337
736,0.682988426
737,0.93860484
738,1.145353357
739,1.206456951
740,1.122621328
741,0.748773856
742,1.01305899
743,0.661102162
744,1.157711175
745,0.839738983
746,1.006333176
747,1.025994106
748,1.268974578
749,0.75546903
750,0.862858778
751,0.669470187
752,0.832452988
753,0.832020465
754,0.7821707
755,0.829667476
756,0.915222732
757,0.665436685
758,0.676073528
759,0.903631797
760,1.06251639
761,0.739947794
762,0.978859624
763,1.179720613
764,0.968325153
765,0.647576874
766,1.463021429
767,1.177870325
768,1.126021443
769,1.011310636
770,0.878792605
771,1.069874879
772,1.158503864
773,1.359170453
774,0.707243732
775,0.585887849
776,1.235519967
777,1.069968217
778,0.860021602
779,0.580913539
780,1.115427705
781,1.053926763
782,0.779595099
783,0.741748806
784,0.647305375
785,1.236784183
786,1.382695782
787,0.585516151
788,1.080551129
789,0.665205507
790,0.850099268
791,1.078909364
792,0.707750711
793,0.904132085
794,0.874841999
795,0.827564104
796,1.319166917
797,0.998649353
798,0.984591117
799,0.923539785
800,0.82634923
801,0.876597727
802,1.171667912
803,1.195000829
804,0.666712849
805,1.730024424
806,0.965511255
807,0.966630332
808,0.753546678
809,0.599236188
810,0.973020188
811,1.154763886
812,0.891763217
813,1.191981866
814,1.163016558
815,0.786845609
816,1.24532855
817,0.951893061
818,0.579727949
819,0.847006011
820,0.951851395
821,0.854573598
822,0.778881775
823,1.341083859
824,1.062518567
825,0.901142382
826,1.790000166
827,0.704277431
828,0.912082961
829,0.676079737
830,0.55323742
831,1.71489938
832,1.408610709
833,1.139598101
834,1.420903176
835,1.200340619
836,1.055549784
837,1.641575433
838,0.642354936
839,1.112137779
840,1.13131664
841,0.734413328
842,0.80155637
843,0.902383223
844,0.536384649
845,0.90093941
846,0.919703148
847,1.137645073
848,1.170679461
849,0.730036171
850,0.854232953
851,0.711510443
852,0.734469705
853,0.565814333
854,1.006657369
855,0.871554222
856,1.022444562
857,1.424497048
858,1.094960866
859,0.839349194
860,1.368676971
861,0.754285672
862,0.724546811
863,1.640178635
864,0.868284762
865,0.914976908
866,0.9794363
867,1.069599394
868,1.083860303
869,1.469800316
870,0.746736754
871,0.875425234
872,0.88740636
873,0.562603705
874,0.937534436
875,0.839172046
876,0.879844203
877,0.949081356
878,1.038892558
879,1.508525121
880,0.822947565
881,0.916227975
882,1.135931592
883,0.656386303
884,1.4859695
885,1.06235321
886,0.956122167
887,0.990548824
888,0.780249875
889,0.983109366
890,0.806707403
891,0.890708334
892,0.886378292
893,0.748768421
894,0.950261439
895,0.894095868
896,0.986778122
897,1.067617334
898,1.037280251
899,1.179276551
900,0.730475391
901,1.458372515
902,0.859137756
903,0.974706363
904,0.959718613
905,0.754968092
906,1.195407423
907,0.923585306
908,0.989941307
909,1.561252387
910,0.769877744
911,0.90733281
912,1.186864518
913,0.578775238
914,1.346430763
915,0.96893306
916,0.846684292
917,1.031974867
918,0.891399128
919,1.020219585
920,0.71713362
921,1.111306193
922,1.014118083
923,0.988492123
924,1.016363891
925,0.887965039
926,1.13959852
927,0.774082244
928,1.112660085
929,0.832060419
930,0.770725377
931,0.683097371
932,1.205708062
933,0.828843584
934,0.992817824
935,1.569179387
936,1.042177298
937,0.648751352
938,1.050952332
939,1.02740927
940,0.710176696
941,1.304804629
942,0.74964821
943,0.929036895
944,0.807298955
945,0.671691153
946,1.146697644
947,1.133169791
948,1.041476068
949,0.958117829
950,1.162031226
951,1.073569145
952,0.94181291
953,1.170537778
954,1.198522492
955,1.140816439
956,0.851773879
957,0.977495287
958,1.047746967
959,0.930337181
960,1.09119613
961,1.045355964
962,0.850042935
963,0.809562912
964,0.900225184
965,1.137694465
966,1.344497436
967,1.607947336
968,1.628078878
969,1.003897646
970,0.899756009
971,1.068317508
972,1.180632657
973,0.996039851
974,1.152594937
975,1.064365316
976,0.68456074
977,0.627121222
978,1.312424935
979,0.912082961
980,1.318442956
981,0.825824983
982,1.181466676
983,1.056815978
984,0.944546764
985,0.717398316
986,1.272731612
987,1.499260834
988,0.678083856
989,0.826547818
990,0.771846845
991,1.410228507
992,1.196220727
993,0.824137272
994,0.906331027
995,0.574815242
996,0.950074109
997,0.787390915
998,0.794022781
999,0.644370543
1000,0.806787501
1001,0.82297339
1002,0.826654002
1003,1.023072305
1004,0.802701811
1005,1.127365109
1006,0.918858681
1007,1.07659108
1008,1.053139392
1009,1.185764006
1010,1.769921693
1011,0.927321748
1012,0.979417407
1013,0.694492551
1014,1.400916809
1015,1.27493341
1016,0.976714259
1017,0.920726272
1018,1.535104283
1019,1.0465142
1020,0.873434127
1021,1.280106013
1022,1.052342581
1023,0.801760301
1024,0.549231731
1025,0.810583698
1026,1.266231057
1027,1.406496374
1028,0.539722003
1029,0.825470948
1030,1.152263413
1031,1.005141971
1032,0.95020187
1033,1.059811149
1034,0.682512813
1035,0.927425702
1036,0.729790946
1037,0.583157604
1038,0.929587652
1039,0.702389503
1040,0.893887685
1041,0.812237987
1042,1.208867197
1043,0.917946069
1044,1.06397533
1045,1.11032981
1046,0.811091945
1047,0.937698233
1048,1.152917669
1049,1.041264228
1050,1.298411876
1051,0.804333352
1052,0.852472312
1053,0.941872879
1054,1.238130947
1055,0.79575719
1056,0.605422386
1057,1.699580188
1058,1.539539419
1059,0.925221906
1060,1.006899767
1061,1.012010636
1062,1.168790549
1063,1.52257446
1064,0.978746392
1065,1.234884891
1066,1.180325771
1067,0.962878366
1068,0.829911477
1069,1.232311226
1070,0.692921915
1071,0.930801445
1072,1.484577811
1073,1.216214332
1074,0.860666435
1075,1.055729588
1076,1.042106323
1077,1.0019472
1078,1.697864857
1079,0.979092434
1080,1.121602939
1081,0.648859164
1082,0.796115786
1083,1.197301769
1084,1.334148362
1085,1.189470782
1086,0.539449815
1087,1.196765078
1088,0.797260691
1089,0.810210781
1090,1.152788592
1091,0.942094275
1092,0.90041585
1093,0.80409628
1094,0.676661209
1095,0.717661844
1096,1.341240352
1097,1.106626983
1098,0.951379427
1099,0.97944786
1100,1.090332301
1101,1.134131829
1102,0.793747075
1103,0.685310998
1104,0.746691477
1105,1.188319782
1106,0.982376357
1107,0.868897831
1108,0.66992234
1109,0.983160025
1110,0.940047703
1111,0.812488689
1112,0.533787394
1113,1.511086872
1114,0.805086105
1115,1.140570907
1116,0.86007579
1117,1.214088079
1118,0.894638354
1119,0.796853521
1120,1.083285866
1121,0.91735457
1122,1.097916962
1123,1.246535152
1124,1.375002121
1125,0.645315846
1126,0.792235455
1127,0.610636784
1128,0.524448024
1129,0.953698823
1130,1.070269081
1131,1.306416296
1132,0.715918364
1133,1.090551563
1134,0.753435922
1135,0.805814393
1136,0.841732575
1137,0.616787671
1138,1.329061512
1139,0.968328331
1140,0.937676102
1141,0.872956904
1142,0.948397242
1143,0.889928694
1144,1.243082469
1145,1.854445061
1146,1.262578325
1147,0.94622358
1148,0.803678848
1149,1.089670307
1150,1.038676168
1151,0.851632353
1152,1.060113572
1153,0.91056333
1154,1.283551387
1155,1.27633441
1156,1.227893301
1157,1.166603909
1158,1.25412866
1159,1.031845439
1160,1.109656717
1161,1.234256614
1162,1.065656272
1163,1.123251226
1164,0.862849173
1165,0.872182004
1166,1.238808855
1167,0.905543192
1168,0.764347272
1169,0.909774609
1170,0.920365503
1171,0.836462566
1172,0.948569332
1173,1.3101214
1174,0.896901469
1175,1.142160157
1176,0.8272955
1177,1.030970806
1178,0.996615893
1179,0.6293343
1180,0.537017517
1181,1.126030649
1182,0.840165078
1183,0.881733162
1184,0.856321846
1185,1.276108514
1186,0.963103254
1187,0.637943891
1188,0.767942677
1189,1.246121269
1190,0.952704364
1191,0.736822089
1192,1.397434261
1193,1.306214485
1194,1.042385821
1195,1.416314907
1196,0.590821248
1197,0.941697331
1198,0.626171799
1199,1.227212381
1200,1.011968378
1201,0.908832682
1202,0.949510976
1203,0.942317045
1204,1.075070018
1205,0.890056642
1206,1.330264895
1207,0.991746576
1208,1.035011683
1209,0.616946831
1210,0.564764771
1211,1.219005656
1212,0.778278902
1213,0.788503161
1214,0.904123556
1215,0.959316616
1216,1.006960061
1217,0.769032891
1218,1.096951712
1219,1.295904898
1220,0.569418246
1221,0.606692846
1222,0.829174838
1223,0.977024929
1224,1.328572288
1225,1.092171749
1226,0.661264074
1227,1.133312057
1228,0.802515003
1229,0.782629636
1230,0.580256755
1231,1.112361897
1232,1.336527411
1233,0.877937749
1234,1.373459364
1235,0.648646519
1236,0.673060334
1237,1.195346109
1238,1.101607034
1239,0.820461257
1240,1.208986388
1241,0.786350665
1242,1.138235707
1243,0.919869356
1244,0.924912551
1245,0.896553101
1246,1.06366344
1247,0.974267411
1248,1.241448793
1249,1.191296436
1250,0.915222732
1251,1.439342358
1252,0.872968319
1253,0.968083047
1254,0.8080995
1255,1.128693611
1256,1.386933315
1257,1.197055512
1258,0.549905791
1259,1.077451668
1260,0.885260265
1261,0.89449779
1262,1.563835733
1263,1.157116719
1264,0.901835862
1265,1.259128716
1266,0.733834779
1267,0.985534153
1268,0.702541287
1269,0.858029343
1270,1.075039787
1271,0.818250593
1272,1.673118539
1273,0.796430501
1274,1.007976358
1275,0.651245776
1276,1.643879678
1277,0.741166348
1278,1.118973305
1279,0.875733412
1280,1.603125291
1281,1.303405261
1282,0.732890566
1283,1.149569782
1284,1.183391033
1285,0.653175885
1286,0.943892885
1287,0.549039002
1288,0.916330841
1289,0.713901634
1290,0.884570405
1291,1.302160901
1292,0.877351164
1293,0.685174544
1294,1.095293734
1295,0.53895903
1296,0.573744774
1297,0.858762644
1298,0.828047602
1299,1.077797605
1300,1.108952012
1301,0.935665359
1302,1.085179099
1303,0.857234773
1304,0.758747651
1305,0.821025749
1306,1.126705875
1307,0.876277115
1308,0.73602818
1309,0.837369229
1310,0.73811949
1311,0.709683601
1312,0.93294188
1313,1.18834987
1314,1.144637517
1315,0.899004764
1316,1.04192185
1317,0.790765529
1318,1.28586577
1319,0.857019922
1320,1.025814391
1321,1.097104551
1322,1.091117101
1323,0.82482114
1324,1.093935603
1325,0.956117889
1326,1.004033058
1327,0.97108785
1328,1.179014138
1329,0.856333029
1330,0.950139839
1331,0.776575412
1332,1.602845065
1333,0.858057763
1334,1.016021512
1335,0.974971049
1336,0.945434254
1337,0.784696245
1338,1.041571709
1339,0.773526188
1340,0.58396682
1341,1.048329873
1342,0.967153441
1343,0.740605204
1344,0.622524907
1345,1.163830112
1346,1.061870071
1347,1.080983132
1348,0.793559741
1349,1.281943656
1350,1.245084492
1351,0.7539689
1352,1.438238243
1353,0.97849739
1354,1.191020737
1355,1.041142267
1356,1.218054395
1357,1.039178857
1358,1.017729931
1359,0.7083181
1360,0.536362225
1361,1.025654332
1362,1.097730316
1363,0.945144909
1364,0.968025635
1365,0.932284062
1366,0.793342547
1367,0.794732425
1368,0.870055523
1369,1.189225838
1370,1.536757612
1371,1.310994585
1372,1.142266039
1373,0.714204089
1374,0.802719328
1375,0.642891739
1376,0.752628136
1377,1.146770464
1378,0.859542687
1379,0.865850768
1380,0.648571767
1381,1.333104136
1382,0.608797757
1383,1.33966491
1384,0.628667872
1385,1.243219939
1386,1.142279355
1387,1.120920488
1388,0.801533633
1389,1.671063742
1390,0.776368822
1391,0.877509363
1392,0.808955802
1393,0.985362421
1394,0.734494721
1395,0.898399904
1396,1.237608634
1397,0.79967002
1398,1.28147991
1399,1.361791117
1400,0.852444049
1401,0.868707354
1402,0.825324313
1403,0.774082244
1404,0.886337702
1405,0.86445496
1406,1.051523275
1407,0.658052291
1408,1.378961007
1409,0.856669292
1410,0.817906107
1411,0.742693522
1412,1.361781024
1413,1.150719843
1414,0.929903979
1415,0.858073801
1416,1.005217029
1417,0.818335154
1418,0.856020657
1419,0.831040424
1420,0.74212954
1421,0.917221906
1422,0.973204247
1423,1.40632193
1424,0.751607228
1425,1.019446248
1426,1.67875488
1427,1.199180434
1428,0.999673589
1429,1.039124379
1430,1.386295906
1431,1.051315774
1432,0.911593811
1433,1.29189973
1434,0.835135928
1435,1.396075798
1436,0.833423253
1437,1.222126925
1438,0.878339938
1439,0.820520886
1440,1.500384989
1441,0.898601397
1442,0.756973888
1443,1.500882267
1444,0.903005084
1445,1.159141772
1446,1.002867844
1447,0.885834458
1448,1.049455399
1449,1.1199812
1450,0.791725144
1451,1.273919387
1452,0.627178209
1453,1.394933487
1454,0.729895472
1455,1.053816932
1456,0.990357367
1457,1.323560349
1458,1.136849645
1459,1.281111423
1460,0.732114595
1461,0.570211636
1462,1.000602287
1463,1.105242873
1464,1.25196163
1465,1.163278347
1466,0.833471673
1467,0.547650895
1468,0.967844563
1469,0.536500251
1470,1.13711617
1471,1.111176427
1472,0.948669686
1473,1.179379453
1474,1.249405103
1475,0.885697647
1476,1.015067803
1477,0.909555436
1478,0.937060262
1479,1.144026127
1480,0.885476264
1481,1.641043483
1482,1.093935603
1483,0.590826112
1484,1.306102783
1485,0.608233339
1486,0.750538873
1487,1.347228268
1488,0.663107583
1489,0.792736549
1490,0.539740413
1491,0.498815504
1492,1.150689503
1493,0.779295264
1494,0.989302656
1495,0.862221934
1496,0.720605789
1497,1.081370859
1498,0.986906292
1499,0.734911339
1500,1.004368157
1501,1.212807702
1502,0.974112783
1503,0.652416929
1504,1.241963847
1505,1.18231902
1506,1.153110226
1507,1.206953068
1508,0.638400241
1509,0.711846709
1510,1.095064928
1511,1.508879869
1512,1.153339211
1513,1.089060814
1514,1.266231057
1515,0.768927571
1516,1.448489248
1517,0.96778763
1518,0.879103007
1519,0.920588644
1520,1.127215221
1521,1.23167701
1522,1.177757423
1523,0.947563322
1524,1.087347563
1525,0.675393544
1526,1.215935179
1527,0.909991926
1528,1.376737803
1529,0.961767568
1530,1.076665883
1531,0.896364322
1532,0.777914335
1533,0.910564758
1534,0.968968366
1535,0.661740796
1536,1.346867451
1537,0.809129275
1538,1.338949231
1539,0.938300899
1540,1.201079184
1541,1.043791507
1542,0.890521009
1543,0.851403244
1544,0.70600499
1545,0.83801194
1546,0.880753991
1547,1.581118666
1548,1.35786542
1549,1.046070883
1550,0.927624934
1551,1.013886215
1552,0.977059035
1553,0.866259486
1554,0.797127882
1555,1.068741827
1556,1.215506058
1557,0.948346953
1558,0.866327777
1559,0.903720976
1560,0.791647979
1561,1.111319824
1562,1.667806594
1563,0.958422222
1564,1.470845901
1565,1.332505843
1566,0.996420744
1567,0.78186712
1568,0.845355989
1569,1.10731554
1570,1.067405417
1571,0.881202174
1572,0.831770028
1573,1.015553383
1574,0.889207044
1575,0.889170971
1576,0.792940544
1577,0.778789774
1578,1.238845512
1579,1.54060484
1580,1.454400184
1581,1.245449343
1582,0.916914657
1583,0.606968288
1584,0.721788006
1585,0.795400799
1586,0.703665732
1587,1.057404099
1588,0.76908079
1589,0.720528537
1590,0.791455805
1591,0.629822926
1592,0.617845584
1593,0.606974235
1594,0.991109172
1595,0.839233249
1596,0.851935035
1597,1.044841707
1598,0.738208591
1599,1.098673665
1600,1.483277818
1601,0.652320668
1602,0.431106516
1603,0.474796193
1604,0.902852689
1605,1.02109924
1606,1.057446777
1607,1.02409208
1608,1.081734904
1609,1.499922743
1610,0.824308842
1611,0.688598663
1612,0.709813562
1613,0.824920781
1614,0.788476951
1615,0.879876965
1616,0.882678785
1617,0.826405961
1618,0.851413915
1619,0.904599498
1620,0.616642388
1621,0.835166981
1622,1.181737108
1623,0.885221739
1624,0.734749139
1625,1.013065721
1626,0.755910329
1627,1.083038392
1628,1.179003523
1629,1.05497125
1630,0.987394582
1631,0.749426444
1632,0.663722008
1633,0.764058766
1634,1.307003034
1635,1.562518001
1636,0.771026347
1637,1.313663348
1638,1.018297703
1639,0.879639811
1640,0.807847345
1641,1.138355401
1642,0.96409718
1643,0.761656068
1644,0.681731964
1645,0.849470817
1646,0.680891677
1647,0.749934511
1648,0.571609863
1649,0.820746486
1650,1.059822932
1651,1.366437059
1652,0.850346585
1653,1.252532463
1654,1.199735523
1655,1.4640611
1656,0.967974246
1657,1.177551426
1658,0.863448451
1659,1.242267135
1660,0.863588291
1661,0.716775363
1662,1.064470592
1663,0.852771513
1664,0.620877621
1665,1.159175476
1666,1.27022042
1667,1.074646478
1668,0.83838453
1669,1.005281292
1670,1.060461433
1671,1.086656683
1672,0.682923095
1673,0.660032481
1674,0.786206843
1675,1.013438587
1676,0.889921791
1677,0.952033343
1678,1.181865042
1679,1.083228693
1680,1.007679075
1681,0.758975303
1682,0.732015059
1683,1.312656266
1684,1.347896387
1685,1.771351448
1686,1.029891945
1687,1.232697335
1688,0.723609188
1689,1.545868396
1690,0.885751023
1691,1.170105477
1692,1.124731466
1693,1.266062583
1694,1.029804667
1695,0.584539623
1696,0.807004314
1697,1.169054207
1698,1.016192515
1699,0.855437862
1700,1.005861361
1701,0.919977508
1702,0.858588395
1703,1.100275225
1704,1.104939966
1705,0.940473686
1706,1.066829748
1707,1.085765999
1708,0.944229452
1709,0.76510283
1710,0.744718721
1711,0.869749868
1712,1.771668915
1713,1.092929261
1714,0.986954334
1715,0.86682547
1716,1.195682118
1717,1.047979395
1718,1.060981926
1719,1.102546662
1720,1.027917625
1721,1.462558508
1722,1.017689023
1723,1.186842909
1724,1.161349912
1725,0.889720411
1726,0.897282351
1727,0.784181129
1728,0.753814273
1729,0.667302145
1730,1.169996459
1731,0.9166365
1732,1.372539343
1733,1.01544937
1734,0.805236869
1735,0.850234464
1736,1.293945083
1737,0.658801857
1738,0.782366255
1739,0.899132494
1740,0.85524922
1741,1.077320183
1742,1.020866987
1743,1.407346938
1744,1.442460631
1745,1.151305297
1746,0.912013594
1747,0.638911413
1748,0.600746269
1749,0.756512006
1750,0.59075263
1751,0.672672254
1752,1.57113536
1753,1.521452181
1754,1.144873392
1755,0.784421012
1756,0.876367772
1757,0.924710721
1758,0.842914721
1759,1.204763759
1760,1.298071983
1761,1.2444276
1762,0.709393739
1763,1.741436652
1764,0.921581545
1765,1.695907816
1766,1.294974811
1767,0.754282403
1768,0.550597996
1769,0.537176843
1770,0.950443345
1771,0.907840088
1772,0.957663805
1773,0.992986763
1774,1.222668348
1775,1.241265576
1776,1.396349395
1777,0.930840056
1778,1.64029464
1779,0.710442912
1780,1.068527141
1781,1.134017069
1782,1.231737348
1783,1.136093695
1784,0.814258086
1785,0.75676971
1786,0.605538889
1787,0.996883448
1788,1.41367723
1789,0.96036011
1790,0.885989689
1791,0.949117152
1792,1.013235359
1793,0.887102832
1794,0.733776254
1795,0.812271415
1796,0.863641807
1797,0.7867756
1798,1.503963446
1799,1.030389633
1800,0.696713433
1801,1.228567954
1802,0.72517344
1803,1.186592608
1804,0.675646656
1805,0.643912743
1806,1.148284208
1807,0.990296477
1808,0.902052634
1809,0.861606671
1810,0.676524585
1811,1.237499595
1812,0.740132427
1813,0.950609302
1814,0.878824303
1815,0.842903809
1816,0.925833997
1817,0.931814258
1818,1.328000713
1819,1.376838982
1820,1.028954961
1821,1.173199086
1822,1.011401581
1823,1.279944312
1824,1.061054824
1825,1.18792175
1826,0.874114144
1827,0.835220421
1828,1.793806579
1829,0.817302122
1830,1.182406358
1831,0.787071979
1832,0.760888203
1833,0.791200657
1834,0.764880175
1835,1.296410827
1836,0.72019384
1837,1.218824088
1838,0.989275216
1839,1.234203309
1840,0.819001602
1841,0.558965174
1842,1.216991342
1843,1.236327004
1844,0.851610477
1845,0.670452781
1846,1.804243908
1847,0.727256013
1848,1.063985633
1849,1.051591709
1850,1.073369999
1851,0.62088474
1852,0.887414904
1853,0.766392415
1854,1.101667268
1855,0.80032804
1856,0.755682103
1857,0.588032309
1858,1.135245615
1859,0.855746518
1860,0.833161226
1861,1.228527611
1862,0.923503244
1863,0.986568065
1864,0.873676234
1865,0.625380632
1866,0.7879824
1867,1.027790513
1868,0.796632943
1869,1.480678038
1870,0.82709536
1871,0.793196824
1872,1.330159926
1873,0.9355483
1874,0.679322719
1875,1.091117101
1876,1.26647359
1877,1.28607365
1878,0.790073803
1879,0.64347343
1880,0.882850061
1881,0.82680823
1882,0.693870306
1883,0.543791929
1884,1.182071699
1885,0.837446344
1886,0.95734738
1887,0.975481517
1888,0.759078883
1889,0.90950259
1890,0.852200426
1891,1.262100174
1892,1.123152632
1893,0.872197508
1894,0.905411973
1895,1.400900928
1896,0.881775744
1897,0.912082961
1898,1.198106056
1899,0.904131322
1900,1.068423209
1901,1.012717757
1902,0.866705938
1903,0.90950259
1904,0.920446715
1905,1.301739762
1906,0.799503988
1907,0.966525875
1908,1.176196614
1909,1.056815674
1910,0.970961417
1911,0.860065238
1912,0.749703237
1913,0.90419451
1914,1.1741859
1915,0.80076697
1916,0.98112861
1917,0.995418575
1918,0.82816716
1919,1.220979204
1920,0.911689873
1921,0.92267065
1922,1.150638601
1923,1.023482926
1924,0.897918661
1925,1.243842285
1926,0.648394748
1927,0.570104232
1928,1.68584413
1929,0.97357624
1930,1.14268935
1931,0.62361186
1932,0.827965081
1933,0.970118203
1934,1.027825849
1935,1.483140658
1936,1.35872788
1937,1.011232267
1938,0.642271147
1939,1.17447317
1940,0.977745943
1941,0.874043138
1942,1.083878076
1943,1.027531486
1944,0.732987766
1945,0.712409582
1946,1.143927704
1947,0.966525875
1948,0.812000802
1949,1.038845892
1950,1.371561252
1951,1.176506777
1952,1.242808216
1953,0.854546592
1954,0.931535644
1955,1.107165476
1956,1.363777136
1957,1.173369237
1958,1.213580704
1959,0.753577097
1960,0.571763202
1961,1.444433956
1962,0.913599519
1963,1.291643685
1964,0.899412325
1965,0.823112211
1966,0.839164584
1967,0.880042685
1968,0.951051806
1969,1.704728372
1970,1.324241184
1971,0.998485016
1972,0.894063011
1973,1.223284787
1974,1.404928797
1975,1.204307086
1976,0.64644475
1977,0.603284902
1978,1.076700405
1979,0.851281358
1980,1.106566221
1981,1.11032981
1982,0.810865145
1983,1.056611795
1984,1.026267547
1985,0.875608446
1986,0.849128325
1987,1.129498012
1988,0.80758366
1989,1.235771394
1990,0.848802331
1991,1.408848382
1992,1.214572473
1993,1.019362223
1994,0.632888181
1995,1.125301226
1996,1.363307319
1997,0.653797758
1998,1.235495837
1999,1.533876727
2000,1.305082547
2001,1.069676937
2002,1.023312781
2003,1.033248523
2004,0.947994423
2005,0.713130886
2006,1.36180778
2007,0.623495486
2008,1.330523252
2009,0.941599152
2010,1.321521629
2011,1.121883686
2012,1.38846328
2013,0.889319518
2014,1.080040688
2015,1.209989786
2016,0.998738345
2017,0.88978674
2018,0.889399586
2019,0.558375564
2020,1.328889588
2021,1.062943152
2022,0.992524218
2023,0.977095272
2024,0.825682728
2025,1.212417618
2026,0.798777989
2027,0.803954239
2028,1.218974627
2029,1.053471697
2030,1.343636134
2031,1.024305084
2032,1.075380267
2033,1.400363487
2034,1.064852355
2035,0.551222512
2036,0.628223095
2037,1.201521347
2038,0.660057508
2039,0.645072741
2040,0.914583232
2041,1.055921433
2042,1.010252325
2043,1.169851018
2044,0.770436502
2045,0.913009078
2046,0.71759278
2047,1.187495745
2048,0.870108171
2049,1.48380782
2050,1.440374722
2051,0.886252901
2052,1.376226068
2053,1.272204049
2054,1.196435542
2055,0.966476662
2056,0.846317438
2057,0.819353367
2058,0.667073908
2059,0.960566234
2060,1.196989489
2061,0.737324137
2062,0.840150061
2063,0.698282382
2064,0.862843275
2065,0.853785916
2066,0.925440607
2067,1.087485593
2068,0.843403587
2069,0.79220529
2070,1.098007232
2071,1.062820034
2072,0.928927975
2073,0.843019771
2074,0.719485634
2075,0.951208748
2076,1.26050332
2077,1.11539691
2078,0.93407203
2079,0.999551071
2080,0.973626428
2081,0.936774141
2082,1.34745064
2083,0.686763957
2084,1.068364611
2085,0.903679177
2086,0.720504591
2087,0.662823824
2088,1.138204163
2089,1.232367496
2090,1.023657609
2091,0.931479831
2092,1.138227263
2093,0.547506207
2094,0.656728229
2095,1.222170588
2096,0.678169175
2097,1.076247146
2098,1.070466199
2099,1.496608212
2100,0.817545488
2101,0.638395602
2102,0.577894696
2103,1.201960181
2104,1.035793058
2105,0.996088299
2106,1.188887818
2107,0.953029893
2108,0.783857117
2109,0.812186637
2110,0.842986307
2111,1.291625527
2112,1.525431715
2113,1.163829303
2114,1.11685774
2115,0.804331905
2116,0.556902369
2117,1.056349605
2118,1.197125627
2119,0.706262099
2120,1.101907508
2121,1.059291664
2122,1.120180708
2123,0.864757553
2124,0.928969208
2125,0.642227937
2126,0.972707941
2127,0.906843158
2128,1.173033837
2129,1.029376247
2130,1.05988485
2131,1.10656924
2132,1.271558999
2133,1.010293995
2134,1.122577882
2135,0.970403874
2136,0.894210518
2137,1.031287879
2138,0.744686425
2139,1.356167711
2140,1.241281325
2141,1.001920053
2142,1.430297865
2143,0.65604702
2144,1.147005627
2145,0.897280819
2146,0.92859821
2147,1.139504936
2148,1.13256531
2149,0.955506577
2150,0.780883823
2151,1.290425389
2152,0.871508505
2153,1.128181378
2154,0.760600016
2155,0.875157173
2156,0.969931532
2157,1.136373303
2158,0.613900741
2159,1.083381095
2160,0.990739848
2161,0.829878059
2162,0.832573764
2163,1.816015483
2164,0.979539924
2165,1.366612866
2166,1.094358208
2167,0.734404804
2168,1.086165973
2169,1.010361151
2170,1.440056117
2171,1.071397222
2172,1.107260497
2173,0.878316833
2174,1.761749937
2175,1.200043537
2176,1.358951337
2177,1.089506874
2178,1.186834846
2179,1.119418554
2180,1.18996899
2181,0.874096215
2182,1.096126912
2183,1.094173077
2184,1.135499612
2185,0.849295597
2186,1.351084232
2187,1.068310412
2188,1.011770294
2189,0.944711848
2190,1.075743891
2191,1.073492129
2192,0.981758572
2193,0.850347473
2194,0.900971241
2195,0.944842232
2196,0.819367708
2197,1.245056625
2198,1.057802519
2199,0.800466466
2200,0.966481345
2201,1.407796684
2202,0.899724836
2203,0.797244519
2204,1.043354728
2205,0.703352384
2206,1.012576249
2207,1.009448518
2208,0.787826856
2209,0.902442179
2210,1.11746897
2211,0.943079009
2212,0.739248434
2213,0.819795762
2214,0.670845721
2215,1.212508618
2216,0.779080437
2217,1.163476265
2218,0.689332549
2219,0.930417018
2220,1.194079658
2221,0.86823447
2222,0.75949885
2223,0.735692641
2224,1.099969649
2225,1.084007088
2226,1.592935774
2227,1.03213861
2228,1.056349605
2229,1.215308746
2230,1.033431877
2231,1.136184838
2232,1.087276349
2233,0.989797747
2234,0.987453301
2235,1.731568942
2236,1.308509912
2237,1.035728962
2238,0.636137804
2239,1.196538019
2240,1.031404561
2241,0.950602907
2242,1.067927328
2243,1.24144879
2244,1.33455833
2245,0.923455431
2246,0.990555952
2247,1.123308197
2248,0.98810081
2249,0.995120489
2250,1.144074367
2251,1.240722315
2252,1.083965423
2253,1.266233122
2254,0.691797911
2255,1.20921489
2256,1.20493644
2257,1.500381898
2258,1.063445662
2259,1.309738645
2260,0.8668494
2261,0.880553679
2262,1.001135101
2263,0.788422967
2264,0.59808493
2265,1.387909424
2266,0.825977727
2267,1.366153461
2268,1.660355568
2269,0.75926546
2270,1.407208203
2271,1.25640121
2272,0.725718028
2273,0.687166514
2274,1.07143273
2275,1.331369333
2276,1.294718788
2277,0.745242799
2278,0.959898769
2279,0.966602198
2280,1.181209338
2281,0.958474002
2282,1.025553698
2283,0.964061842
2284,0.976237581
2285,1.196765078
2286,0.874208483
2287,1.053755929
2288,0.792239677
2289,1.016159815
2290,1.065789501
2291,1.713235412
2292,1.252046061
2293,0.893061724
2294,0.947491883
2295,1.272036476
2296,1.15915955
2297,0.669936224
2298,1.056834492
2299,1.018097354
2300,0.895267381
2301,0.935267128
2302,0.817980317
2303,1.62197763
2304,1.244130901
2305,0.701822058
2306,1.202258353
2307,1.48151575
2308,1.328416233
2309,0.918795914
2310,1.257623851
2311,0.930617707
2312,0.911610198
2313,1.116679389
2314,0.682628829
2315,0.892667423
2316,0.624026763
2317,1.079818122
2318,1.54569212
2319,0.791025462
2320,0.90519925
2321,0.834092384
2322,0.786350665
2323,1.494000802
2324,0.517653182
2325,0.979198902
2326,1.188800447
2327,0.895659059
2328,0.613193989
2329,1.098670076
2330,1.841271827
2331,1.047073035
2332,1.095409196
2333,0.752356952
2334,0.577777418
2335,0.907312163
2336,0.840423234
2337,1.501661854
2338,1.573641697
2339,1.085125266
2340,1.116671043
2341,1.055442388
2342,0.710303608
2343,0.794600303
2344,0.551351915
2345,1.12038579
2346,1.125293806
2347,0.96179418
2348,0.828113228
2349,0.841188363
2350,0.749146086
2351,1.049715729
2352,0.835529466
2353,1.234933593
2354,0.777523903
2355,1.469814674
2356,0.901551809
2357,0.917134144
2358,0.992256609
2359,1.660018904
2360,0.903401783
2361,1.145780494
2362,1.039285018
2363,0.707901278
2364,1.603070035
2365,1.237931862
2366,0.948229541
2367,0.940835738
2368,0.604217017
2369,0.931777878
2370,1.600980959
2371,0.897078587
2372,1.186524365
2373,0.821039163
2374,0.69583429
2375,0.666385196
2376,1.004262024
2377,1.09419901
2378,0.592315597
2379,0.835273752
2380,1.186128661
2381,0.851240557
2382,1.090116511
2383,0.935559818
2384,0.905035545
2385,0.730103593
2386,1.554259624
2387,1.043353989
2388,0.851046913
2389,0.96649676
2390,0.649080634
2391,0.678083856
2392,1.236567602
2393,1.195876768
2394,1.37920814
2395,1.373254486
2396,0.911283461
2397,0.84848748
2398,1.262600604
2399,0.867622184
2400,1.024961373
2401,1.099466129
2402,1.142451984
2403,0.992518306
2404,0.914062631
2405,1.257086009
2406,1.17328512
2407,1.004149294
2408,0.895785887
2409,1.005105305
2410,0.993074321
2411,0.937059506
2412,0.865154978
2413,1.334248661
2414,0.850902012
2415,0.567159754
2416,0.856061719
2417,0.896248844
2418,0.743898371
2419,0.94539693
2420,0.788881439
2421,1.019079818
2422,1.060575265
2423,1.040773374
2424,1.000588178
2425,0.93860484
2426,1.219005656
2427,0.860529352
2428,0.851860097
2429,0.811231412
2430,0.846199414
2431,0.929058883
2432,1.012122604
2433,0.851243678
2434,1.239118055
2435,1.055137579
2436,0.868034161
2437,0.74085226
2438,1.096015233
2439,0.976304822
2440,1.21268224
2441,0.706138138
2442,0.737463115
2443,1.06235321
2444,0.814582761
2445,0.923089251
2446,0.72435433
2447,0.610484055
2448,0.916081484
2449,1.129326448
2450,1.028292959
2451,0.917453681
2452,1.068409851
2453,0.84365969
2454,1.210495593
2455,0.723742748
2456,1.199931086
2457,0.813061123
2458,1.12569597
2459,0.927559677
2460,0.847123209
2461,1.136348388
2462,1.357047147
2463,1.057812926
2464,0.557202603
2465,1.279917001
2466,0.838288262
2467,0.985339785
2468,1.000532414
2469,1.201058828
2470,1.013950103
2471,1.043457378
2472,1.20246482
2473,1.114236923
2474,1.5306371
2475,1.217976405
2476,1.041320086
2477,0.646133185
2478,1.032173791
2479,1.129465723
2480,0.889253378
2481,0.830763637
2482,0.710416404
2483,1.060121303
2484,1.30332705
2485,0.857786728
2486,1.196112243
2487,1.139975816
2488,1.0227679
2489,0.873544225
2490,1.373522581
2491,1.630399796
2492,0.817227112
2493,1.050046453
2494,0.564026362
2495,0.56135732
2496,0.964215675
2497,0.81758975
2498,0.900922377
2499,0.881733162
2500,1.683858737
2501,1.3047613
2502,1.548963628
2503,1.115922821
2504,1.37474841
2505,0.969414281
2506,1.544729724
2507,0.914905946
2508,1.179455415
2509,1.349951742
2510,1.275961364
2511,0.893941011
2512,1.14520896
2513,0.985776781
2514,1.079685823
2515,0.988178143
2516,0.748641364
2517,1.06461998
2518,1.014940458
2519,1.166119437
2520,0.803479238
2521,1.020020872
2522,0.850042935
2523,1.062820034
2524,0.598029349
2525,1.062635135
2526,1.016781392
2527,1.100143622
2528,0.583389448
2529,0.814769265
2530,1.069859141
2531,1.22829163
2532,1.348769409
2533,0.798315408
2534,0.805371907
2535,1.438364806
2536,1.314098908
2537,1.014187811
2538,1.070965535
2539,0.922525049
2540,1.087461317
2541,0.855618628
2542,0.944285264
2543,0.588647905
2544,1.595411496
2545,0.759412997
2546,0.554400209
2547,1.139029385
2548,1.146395954
2549,1.305598536
2550,0.70064912
2551,1.288044636
2552,0.957718043
2553,0.969074654
2554,1.520618264
2555,1.189524432
2556,0.912084825
2557,1.226278749
2558,0.737746641
2559,1.013279217
2560,0.830575894
2561,0.781259001
2562,0.718954006
2563,0.859126717
2564,0.579429735
2565,0.756821013
2566,0.922995059
2567,0.844003807
2568,0.666675992
2569,0.853753739
2570,0.697286748
2571,0.952607663
2572,0.941372077
2573,0.905111254
2574,1.069424678
2575,1.627099139
2576,0.999112384
2577,0.853838297
2578,1.29422964
2579,0.891786179
2580,0.716945528
2581,1.153470941
2582,0.877574835
2583,0.780639808
2584,0.985626361
2585,1.530655446
2586,0.933208804
2587,0.697140793
2588,1.325374729
2589,0.77265769
2590,1.0752937
2591,1.067122988
2592,0.98979983
2593,1.034975207
2594,1.07614811
2595,0.93857445
2596,0.807602028
2597,0.986994297
2598,1.052590997
2599,0.718274378
2600,0.813531317
2601,0.817980317
2602,0.839449718
2603,1.258687902
2604,0.969074654
2605,1.16264715
2606,0.882015068
2607,0.897092025
2608,1.211821327
2609,0.884774147
2610,0.937682415
2611,0.990660059
2612,1.127252373
2613,1.086827072
2614,0.980109549
2615,1.056200787
2616,0.74553674
2617,1.012920244
2618,1.316172497
2619,1.20589556
2620,0.652055347
2621,1.096997038
2622,0.940972279
2623,1.092895277
2624,0.628361959
2625,0.892009493
2626,1.145144012
2627,0.940252605
2628,0.980128429
2629,1.500927186
2630,0.812706806
2631,1.412754468
2632,1.343028788
2633,1.307401328
2634,1.169968878
2635,1.18823948
2636,0.830621915
2637,0.870452781
2638,1.362855566
2639,1.33858118
2640,0.999551071
2641,0.923046698
2642,1.065124978
2643,1.215657303
2644,1.274292376
2645,0.764461174
2646,0.881867948
2647,0.748037856
2648,1.086165973
2649,1.288101425
2650,0.934552505
2651,0.898055477
2652,0.87874026
2653,1.253411329
2654,0.897636073
2655,0.915006111
2656,0.920425817
2657,0.906246254
2658,0.999111697
2659,0.764296473
2660,1.077916048
2661,1.1050801
2662,1.407343019
2663,0.708106302
2664,0.807594044
2665,0.922005239
2666,0.899032528
2667,1.08053839
2668,1.188500897
2669,1.29921841
2670,0.639576293
2671,1.27257632
2672,0.575289203
2673,0.593505784
2674,1.47891219
2675,1.079954454
2676,0.948680453
2677,1.031977719
2678,0.957223721
2679,0.795313803
2680,1.612837604
2681,0.840159044
2682,0.922304883
2683,0.896456508
2684,1.228159365
2685,0.878362956
2686,1.757380657
2687,0.93860484
2688,1.448115652
2689,0.814065259
2690,0.861121046
2691,0.673464313
2692,0.688103113
2693,0.923779738
2694,0.974061922
2695,1.065942013
2696,0.796876859
2697,1.838950805
2698,0.926272919
2699,0.696696263
2700,0.944600162
2701,1.717415938
2702,0.961204196
2703,0.960056468
2704,0.868034161
2705,1.459226932
2706,0.819798463
2707,1.123994336
2708,0.747779844
2709,0.915544341
2710,0.848498878
2711,0.979158705
2712,1.019267336
2713,0.782352667
2714,0.925813536
2715,1.323215775
2716,1.268981852
2717,0.740875623
2718,0.886988701
2719,1.279358308
2720,1.340850865
2721,0.638965803
2722,0.746640597
2723,0.912574009
2724,0.978285369
2725,1.371096625
2726,1.4016123
2727,0.799222438
2728,1.080585583
2729,0.943519596
2730,0.633973641
2731,1.354174531
2732,0.902064117
2733,1.23854142
2734,1.038393299
2735,1.11685774
2736,1.339410079
2737,1.228299426
2738,1.326657817
2739,1.622624088
2740,1.188301331
2741,0.89597954
2742,0.668374136
2743,0.866242369
2744,0.978897518
2745,0.713346669
2746,0.650645335
2747,1.390962612
2748,1.194121553
2749,0.989126653
2750,0.862339964
2751,1.286347796
2752,1.233418824
2753,1.298496957
2754,0.90950259
2755,1.273274873
2756,1.045852314
2757,0.939965453
2758,0.99673354
2759,1.094027848
2760,1.145750029
2761,1.044434215
2762,1.159548187
2763,1.714246513
2764,1.312238643
2765,1.065895588
2766,1.191741856
2767,1.451636384
2768,1.864712537
2769,1.157184143
2770,0.779954506
2771,1.462255914
2772,0.990546047
2773,0.771034726
2774,1.688577003
2775,0.826618438
2776,0.758104949
2777,1.107013528
2778,0.92186262
2779,1.036011219
2780,0.498013383
2781,0.934783142
2782,1.046956529
2783,1.334408447
2784,0.699061249
2785,0.84525387
2786,0.830527556
2787,0.83838453
2788,0.826939758
2789,1.019615325
2790,1.032395705
2791,1.045797056
2792,1.11671259
2793,0.544808695
2794,1.064238784
2795,1.01702696
2796,1.10344997
2797,0.851215916
2798,0.580227922
2799,0.868231582
2800,1.122814741
2801,0.738686436
2802,1.056013922
2803,0.809716253
2804,0.785517811
2805,0.891032491
2806,0.807899326
2807,0.744283468
2808,0.895286035
2809,1.082685648
2810,0.874006392
2811,1.191285302
2812,0.905791286
2813,1.679873203
2814,1.200437302
2815,1.159166144
2816,1.172389609
2817,0.653175885
2818,0.900935508
2819,0.953458704
2820,1.215263635
2821,0.739042409
2822,0.888535178
2823,0.980895354
2824,1.360071897
2825,0.856982921
2826,0.791720115
2827,0.707656256
2828,0.91256073
2829,1.120254082
2830,0.841441535
2831,0.817666273
2832,0.875816994
2833,1.261371714
2834,1.062072197
2835,0.964080624
2836,1.126066693
2837,1.614974852
2838,0.80654166
2839,1.365137797
2840,0.77039658
2841,1.051812603
2842,1.223630253
2843,1.011454328
2844,1.071272449
2845,0.951257882
2846,0.877055352
2847,0.858021311
2848,0.859264299
2849,0.794227184
2850,0.863096101
2851,1.019278465
2852,1.432808845
2853,1.477151909
2854,0.856239952
2855,0.914160933
2856,0.917773293
2857,1.281720738
2858,1.254380227
2859,0.948940039
2860,1.334510728
2861,0.771157143
2862,0.938529783
2863,0.917583314
2864,1.270570836
2865,0.948998552
2866,0.82347242
2867,0.857890361
2868,1.04205648
2869,0.616131514
2870,0.993601472
2871,1.150036797
2872,1.153278707
2873,0.617448378
2874,1.448085745
2875,0.859195198
2876,0.99604264
2877,0.983557012
2878,0.885697647
2879,1.030391987
2880,0.834945534
2881,1.3160031
2882,0.573253706
2883,0.874509993
2884,0.589538327
2885,0.941072923
2886,0.929276745
2887,0.776159208
2888,1.530930028
2889,1.198493107
2890,0.896732669
2891,1.153015471
2892,1.788976758
2893,1.073250069
2894,0.950625884
2895,1.476369511
2896,0.922117861
2897,0.76842509
2898,0.703751381
2899,0.782845984
2900,1.006546086
2901,0.93541952
2902,0.802719328
2903,0.826993151
2904,0.987552876
2905,0.919749151
2906,0.810688489
2907,0.898399904
2908,0.799867784
2909,1.295189287
2910,0.664924802
2911,0.69542226
2912,0.850760158
2913,1.501618736
2914,0.894133463
2915,0.876094927
2916,0.952975434
2917,0.961903864
2918,0.871874769
2919,1.197588728
2920,1.258645539
2921,1.058619754
2922,0.911481559
2923,0.836604717
2924,0.755795325
2925,0.892575266
2926,0.53801484
2927,0.817980317
2928,0.78488999
2929,1.39601974
2930,1.063658301
2931,0.766283913
2932,0.542504791
2933,1.029119055
2934,0.921567823
2935,0.784306263
2936,0.952795953
2937,1.055297946
2938,1.091445921
2939,0.838164155
2940,1.091117101
2941,1.114734954
2942,0.939759238
2943,0.961905081
2944,1.108407339
2945,1.189507945
2946,1.217276961
2947,0.787076792
2948,0.805071237
2949,1.029404507
2950,1.343795144
2951,1.105872105
2952,0.805109997
2953,0.957064964
2954,1.044026867
2955,1.244444926
2956,0.979132356
2957,1.231675193
2958,1.420841393
2959,0.892710628
2960,0.642227937
2961,1.100943285
2962,1.284253864
2963,0.957937806
2964,1.165074438
2965,0.86527894
2966,1.231217428
2967,0.846938318
2968,0.812112866
2969,1.528724758
2970,1.055558507
2971,0.788757952
2972,1.130740662
2973,0.705688696
2974,0.887496744
2975,0.770715947
2976,0.758428554
2977,1.132216825
2978,1.044309353
2979,0.563667433
2980,0.907244336
2981,1.005210099
2982,1.110422752
2983,0.940666185
2984,0.926571786
2985,0.616837302
2986,0.547429842
2987,1.128142059
2988,0.517568639
2989,0.84906764
2990,0.814407405
2991,1.283888436
2992,1.253412633
2993,1.004802191
2994,0.919816481
2995,0.950366817
2996,1.58162678
2997,1.279227659
2998,1.290845267
2999,1.020315144
3000,0.826428017
3001,1.000490686
3002,1.151331144
3003,0.98853883
3004,1.477623405
3005,0.944662658
3006,1.225701017
3007,0.933858092
3008,0.523078656
3009,0.809752353
3010,1.20246482
3011,0.745646625
3012,1.211161319
3013,0.913271418
3014,1.028509897
3015,1.118406229
3016,0.831374858
3017,0.936250454
3018,1.290883329
3019,0.986446564
3020,1.260173393
3021,0.95666413
3022,0.961506038
3023,0.928750614
3024,0.66886377
3025,0.997702133
3026,0.843019771
3027,1.117983243
3028,0.882688948
3029,0.93860484
3030,1.147777803
3031,1.850321965
3032,0.582220626
3033,1.000961231
3034,1.031579847
3035,1.265628891
3036,0.890004304
3037,0.984463272
3038,1.257154786
3039,0.738081372
3040,1.033313921
3041,0.855671466
3042,0.990047789
3043,1.15212702
3044,1.523254158
3045,1.060973531
3046,0.85190389
3047,0.98762613
3048,0.9566651
3049,0.793539054
3050,1.190837688
3051,0.978960948
3052,0.805086105
3053,1.199068871
3054,0.673846095
3055,0.912562359
3056,1.089914745
3057,1.283536926
3058,0.933239048
3059,0.955991111
3060,1.36438509
3061,1.169328572
3062,1.113372688
3063,0.90185101
3064,1.228575156
3065,1.285761737
3066,1.196175747
3067,1.467563738
3068,1.358939547
3069,0.70255447
3070,0.960486769
3071,0.96091402
3072,0.586947134
3073,0.808158607
3074,0.743791672
3075,0.939052545
3076,1.454540128
3077,0.851935035
3078,1.164008714
3079,0.593642874
3080,0.946747138
3081,0.954804741
3082,1.031938698
3083,0.799757593
3084,1.026260391
3085,1.024458885
3086,0.624111904
3087,1.31089953
3088,0.802449358
3089,0.592048229
3090,0.815491169
3091,1.714691201
3092,0.977945403
3093,0.949223912
3094,0.905220906
3095,0.729741734
3096,0.672117913
3097,1.189815445
3098,1.320160608
3099,1.033538897
3100,0.828509655
3101,1.463021592
3102,1.158669208
3103,1.121789403
3104,0.566106573
3105,0.977127641
3106,0.694453067
3107,0.861049786
3108,0.636100105
3109,0.705448087
3110,1.05596277
3111,0.776607253
3112,1.410569177
3113,1.04267851
3114,1.196665309
3115,0.905328468
3116,0.898417521
3117,0.670010373
3118,0.844176306
3119,0.910596777
3120,0.910564758
3121,1.026861871
3122,1.01791183
3123,1.176843932
3124,1.163767888
3125,1.608545971
3126,1.108570999
3127,0.766069485
3128,1.258434238
3129,1.774205664
3130,1.458497157
3131,1.076893663
3132,1.208098698
3133,0.756547287
3134,0.910201698
3135,0.784179924
3136,0.877925752
3137,0.811341595
3138,1.25375359
3139,1.4986691
3140,0.698535832
3141,0.740848025
3142,0.986137052
3143,1.232318895
3144,0.950780253
3145,0.727890193
3146,1.036279368
3147,1.004539815
3148,1.079644211
3149,0.971736847
3150,0.928344902
3151,0.908407843
3152,1.149308594
3153,1.133692988
3154,0.914425498
3155,1.261585635
3156,0.781851703
3157,1.06007734
3158,1.025422483
3159,1.652148391
3160,1.152428592
3161,1.168558613
3162,1.008583828
3163,0.822358433
3164,0.962758025
3165,0.750067255
3166,1.188660196
3167,0.944744156
3168,0.775133626
3169,1.045541062
3170,0.814189151
3171,0.5472571
3172,0.708423424
3173,1.435464872
3174,1.07733814
3175,0.736628258
3176,0.794551266
3177,0.772322747
3178,1.331143649
3179,0.986137052
3180,1.223518327
3181,0.753644751
3182,0.710839614
3183,0.634357174
3184,0.740810073
3185,1.225819465
3186,1.083722184
3187,1.016456669
3188,0.74122076
3189,1.122966535
3190,0.621946069
3191,0.551471355
3192,1.103586891
3193,0.916069342
3194,1.201895592
3195,0.8668494
3196,0.763788794
3197,0.828149434
3198,1.039905935
3199,1.566824071
3200,1.090471554
3201,1.770456766
3202,0.844356232
3203,0.604626508
3204,1.207451609
3205,0.981615725
3206,0.878193551
3207,0.774883606
3208,0.901157298
3209,1.377784891
3210,0.850171159
3211,0.937438506
3212,0.636275487
3213,0.59472206
3214,1.504455149
3215,0.737642299
3216,0.843855602
3217,0.865232041
3218,1.39683785
3219,1.324702248
3220,1.41316618
3221,1.027418561
3222,1.219758575
3223,1.042594884
3224,1.008484376
3225,0.839391734
3226,1.354899409
3227,1.590124072
3228,0.887002592
3229,0.834956886
3230,0.820840388
3231,1.004281357
3232,0.96907913
3233,0.605854449
3234,1.109656717
3235,0.939931224
3236,1.520072399
3237,1.501618736
3238,1.03179039
3239,0.920299528
3240,1.489730878
3241,1.025335467
3242,0.711537215
3243,0.864414102
3244,0.598691225
3245,0.936096784
3246,0.549523999
3247,0.796491929
3248,0.564806293
3249,0.757300112
3250,1.762558023
3251,0.893332513
3252,1.010616469
3253,0.655480175
3254,1.124088294
3255,0.932802955
3256,0.935862818
3257,0.82284333
3258,1.200442723
3259,0.642652949
3260,0.989123372
3261,0.811674552
3262,0.812053285
3263,1.078734726
3264,1.455363662
3265,0.795227865
3266,0.827002909
3267,1.069626156
3268,1.033287828
3269,1.094464857
3270,0.871755229
3271,0.918229565
3272,0.838000814
3273,0.688575188
3274,1.044258829
3275,0.997975987
3276,1.268822922
3277,0.964135462
3278,1.215106038
3279,1.040833878
3280,0.901095263
3281,1.032418343
3282,1.062657953
3283,1.583152913
3284,1.041996824
3285,1.038092854
3286,1.356167711
3287,0.982376357
3288,0.984157302
3289,0.940910709
3290,0.961149645
3291,0.787256424
3292,0.950915216
3293,0.917486517
3294,0.844862085
3295,1.0116038
3296,0.767331937
3297,0.94896016
3298,1.331739136
3299,1.069999622
3300,0.688444404
3301,0.954280622
3302,1.062539539
3303,0.9045382
3304,0.700498345
3305,0.878792605
3306,1.036697109
3307,0.77317472
3308,1.114940539
3309,0.880065167
3310,1.589891509
3311,0.69379649
3312,1.295668669
3313,0.848971901
3314,0.733776828
3315,0.890942083
3316,0.630120911
3317,0.796003718
3318,0.79252535
3319,0.765277838
3320,0.803831493
3321,0.928402948
3322,0.60309501
3323,1.197695425
3324,0.741950528
3325,0.738829785
3326,0.960346366
3327,1.022960938
3328,1.143513753
3329,0.946882781
3330,0.963154543
3331,0.662578296
3332,0.962686086
3333,1.256042332
3334,1.030722763
3335,0.986333132
3336,0.921402471
3337,0.813003684
3338,1.322961476
3339,0.960104426
3340,0.644451585
3341,1.131410414
3342,1.000961231
3343,0.85915894
3344,1.091872443
3345,0.656728229
3346,1.12560261
3347,0.966275169
3348,1.195830369
3349,1.018321019
3350,1.207843961
3351,1.435156063
3352,0.916722782
3353,0.802586708
3354,1.101350926
3355,1.041429695
3356,0.899258614
3357,1.449870031
3358,1.845976337
3359,1.6419668
3360,1.209803258
3361,0.926187332
3362,0.909921225
3363,1.047391099
3364,1.528512292
3365,0.718079195
3366,1.070784404
3367,0.854361769
3368,1.170414315
3369,0.773811188
3370,0.717882931
3371,1.110882681
3372,0.729438761
3373,1.115126587
3374,1.459011029
3375,1.285337872
3376,0.984676033
3377,0.833056069
3378,1.005729848
3379,0.934937124
3380,1.501676668
3381,0.962642551
3382,1.18728306
3383,0.888431281
3384,1.024574958
3385,0.566846494
3386,0.965272705
3387,0.872219202
3388,1.079694828
3389,1.161310166
3390,1.333433591
3391,0.928112959
3392,1.096767557
3393,1.014295492
3394,1.043955972
3395,0.915550064
3396,0.930295459
3397,1.149182945
3398,0.970632943
3399,0.865855097
3400,0.840147345
3401,1.167765684
3402,0.72837806
3403,1.154177245
3404,0.870309768
3405,1.542339124
3406,0.867370866
3407,1.031324016
3408,1.110462401
3409,0.960100111
3410,0.857019922
3411,0.830652152
3412,0.938371254
3413,0.803377887
3414,0.752857988
3415,0.709770724
3416,0.854699148
3417,0.674448691
3418,0.63690979
3419,0.82284333
3420,0.886931955
3421,1.214968825
3422,1.062328838
3423,1.040343267
3424,0.96016618
3425,1.341853181
3426,0.627283159
3427,1.625626666
3428,0.798161375
3429,0.552803324
3430,0.832701742
3431,1.131939758
3432,0.844154038
3433,1.359770476
3434,0.793981413
3435,0.954206706
3436,0.56690451
3437,0.642677669
3438,1.403508186
3439,0.913317569
3440,0.677680235
3441,1.090495936
3442,0.922087348
3443,0.990559142
3444,0.840922995
3445,0.902240168
3446,1.457666218
3447,1.25846431
3448,0.787429336
3449,1.057802519
3450,1.211202453
3451,1.370316479
3452,1.153735323
3453,0.773869996
3454,0.960643185
3455,0.811980627
3456,0.788414591
3457,1.234653425
3458,0.881925639
3459,0.953064409
3460,0.917452078
3461,0.765144416
3462,1.176302753
3463,0.990946502
3464,1.307886506
3465,1.169001361
3466,1.669046387
3467,0.699161371
3468,1.345429517
3469,0.999594828
3470,1.15218837
3471,1.415735163
3472,0.884650857
3473,0.781259001
3474,1.125927343
3475,0.844154038
3476,1.722426313
3477,0.637553846
3478,0.826107645
3479,0.933080648
3480,0.905310138
3481,1.057809471
3482,0.769458005
3483,1.39623433
3484,0.8783777
3485,0.991685374
3486,0.932503612
3487,1.437418033
3488,0.811175693
3489,1.1696719
3490,0.496082221
3491,0.530363362
3492,1.399898665
3493,0.668561072
3494,0.982706486
3495,0.829732155
3496,1.122789777
3497,1.098205225
3498,0.736314245
3499,0.797959819
3500,0.612405585
3501,0.539421146
3502,1.056642932
3503,0.711352267
3504,1.375270622
3505,0.862840872
3506,1.41991671
3507,1.347791876
3508,0.961025357
3509,0.535514605
3510,1.455072869
3511,0.900708823
3512,1.00406205
3513,0.823230433
3514,0.86796434
3515,1.422422749
3516,1.089345335
3517,0.877178637
3518,0.620012019
3519,1.166495044
3520,1.337734346
3521,1.347061598
3522,1.525594912
3523,1.255381513
3524,0.908687004
3525,1.310506528
3526,0.811670546
3527,1.041098184
3528,0.821352224
3529,0.725932092
3530,0.924766784
3531,0.61129434
3532,0.96409718
3533,0.75926546
3534,0.938993484
3535,1.399503169
3536,0.928750614
3537,1.051410922
3538,1.033413477
3539,0.797725767
3540,0.908649745
3541,1.467305768
3542,1.228326386
3543,0.828686598
3544,1.084678038
3545,0.929614715
3546,1.226839758
3547,0.737018026
3548,0.940691945
3549,0.912615298
3550,0.839853922
3551,0.799313229
3552,0.687837572
3553,1.137552025
3554,1.246716768
3555,0.782495979
3556,0.916968873
3557,1.543337239
3558,1.29892412
3559,1.050281489
3560,1.477108639
3561,1.200146365
3562,0.630694528
3563,1.233423645
3564,0.796546888
3565,0.940688342
3566,0.955714092
3567,1.193675468
3568,0.954641078
3569,0.583644769
3570,1.027945378
3571,0.953378023
3572,1.164112553
3573,0.829564258
3574,1.068461215
3575,1.0031969
3576,0.782279026
3577,0.894923973
3578,0.9034116
3579,0.768234529
3580,0.913887752
3581,0.921581545
3582,1.029179299
3583,1.107863931
3584,0.639500262
3585,0.863039903
3586,0.914139047
3587,1.530077283
3588,0.967395939
3589,0.973281371
3590,1.328293919
3591,1.000728995
3592,0.983690127
3593,0.78448833
3594,1.008640666
3595,1.16044842
3596,0.958541381
3597,1.094650263
3598,0.84344358
3599,1.280815535
3600,1.126358747
3601,0.886384043
3602,1.322218346
3603,0.74781533
3604,0.997213859
3605,0.834484622
3606,1.306136799
3607,1.116697244
3608,1.155472067
3609,0.855892373
3610,0.701014797
3611,0.649408522
3612,0.873112738
3613,0.647809414
3614,1.630240491
3615,0.97573494
3616,1.381110328
3617,1.242963964
3618,1.359545888
3619,1.351060339
3620,0.918338767
3621,0.922265744
3622,0.870718326
3623,1.075481892
3624,1.064971357
3625,0.969392781
3626,1.03515291
3627,0.986053242
3628,0.855716791
3629,1.048956399
3630,1.158481229
3631,0.958791686
3632,1.267470543
3633,0.873040466
3634,1.084066984
3635,1.10086797
3636,1.143634408
3637,1.009668049
3638,0.929996084
3639,0.600169974
3640,1.097104551
3641,0.992458508
3642,1.068382454
3643,1.10489087
3644,1.173256049
3645,0.777469042
3646,1.001161679
3647,1.011405539
3648,1.316037221
3649,1.338923124
3650,0.773779027
3651,0.803297727
3652,1.256775161
3653,0.969868611
3654,0.844154038
3655,1.073820768
3656,0.828018195
3657,0.574404447
3658,1.245173553
3659,0.981236349
3660,0.917938267
3661,1.017453545
3662,0.946460133
3663,0.954551137
3664,1.067597546
3665,0.716566029
3666,0.992762512
3667,1.334133312
3668,0.789806933
3669,1.108415202
3670,1.082765355
3671,0.602814189
3672,1.136936448
3673,1.277498626
3674,1.310632967
3675,1.115418809
3676,1.089648609
3677,1.198364088
3678,0.596156796
3679,1.251030667
3680,1.336887076
3681,0.93096268
3682,1.010323176
3683,0.905441546
3684,0.819618041
3685,0.829005815
3686,1.302806626
3687,1.211642778
3688,0.734066944
3689,1.403325073
3690,1.243914121
3691,0.908134229
3692,1.520017078
3693,0.897624992
3694,1.104688227
3695,1.659446551
3696,0.935422697
3697,0.946252675
3698,1.262044278
3699,1.031185989
3700,0.884905674
3701,1.184794462
3702,1.293514794
3703,0.90950259
3704,1.050234199
3705,2.331016264
3706,1.238348259
3707,1.294487464
3708,0.925167179
3709,1.826192754
3710,1.178904161
3711,1.087377119
3712,1.130949115
3713,0.922740659
3714,1.061520113
3715,0.968804937
3716,0.8381744
3717,0.776418519
3718,0.817819321
3719,0.837387022
3720,0.981908573
3721,0.829415536
3722,1.032527712
3723,1.047827245
3724,1.133593425
3725,1.029309561
3726,0.815833889
3727,0.722898907
3728,0.583688328
3729,0.972970342
3730,1.008442656
3731,1.064131159
3732,0.856318302
3733,0.783303034
3734,0.786260451
3735,0.968239954
3736,1.282937603
3737,0.922153093
3738,0.658868617
3739,0.614178179
3740,1.314418242
3741,1.019615325
3742,0.805463238
3743,1.407662631
3744,1.079520677
3745,1.223757223
3746,0.89208625
3747,1.117428966
3748,0.835164778
3749,1.125241952
3750,0.914772493
3751,1.373445869
3752,0.62712608
3753,1.040743007
3754,0.788694112
3755,1.076248238
3756,1.635960633
3757,0.801696122
3758,0.871604417
3759,1.062675359
3760,1.128157676
3761,1.112748505
3762,0.750835615
3763,1.070234834
3764,0.827565902
3765,1.105527039
3766,0.590504171
3767,1.166322646
3768,1.031800389
3769,0.712670356
3770,0.82284333
3771,1.078517847
3772,1.001010083
3773,1.354071177
3774,1.182076916
3775,1.294594727
3776,0.897082166
3777,0.688722491
3778,1.245895919
3779,0.863904674
3780,0.801462321
3781,0.586709269
3782,0.915214275
3783,1.228047691
3784,1.02620093
3785,1.092929261
3786,0.777525167
3787,0.76175949
3788,0.785816726
3789,0.862902416
3790,0.503280978
3791,0.716053657
3792,0.736059403
3793,0.659846146
3794,1.012954399
3795,0.776608136
3796,1.14131028
3797,1.095530568
3798,0.637287893
3799,1.219926107
3800,1.008813659
3801,1.047072195
3802,1.011118969
3803,0.916991522
3804,0.54453045
3805,0.98131033
3806,1.066043905
3807,0.794105294
3808,1.150633234
3809,1.414095485
3810,0.874549543
3811,0.719753447
3812,0.729323048
3813,0.618864588
3814,1.03543806
3815,0.895203467
3816,0.640881243
3817,1.84671609
3818,1.047697821
3819,0.887421393
3820,0.530959087
3821,0.930249912
3822,0.744965903
3823,0.953824552
3824,1.153209752
3825,0.962420155
3826,0.858158917
3827,1.043060278
3828,0.713570526
3829,0.697658849
3830,0.804244541
3831,1.008212203
3832,0.898634511
3833,0.998648517
3834,0.682395496
3835,1.200777728
3836,0.895741473
3837,1.151688114
3838,0.958060482
3839,0.730755902
3840,0.953239798
3841,1.056815978
3842,1.128678487
3843,0.801780934
3844,0.767069789
3845,0.923840814
3846,1.678344092
3847,0.923840814
3848,0.625980662
3849,0.8381744
3850,0.969126589
3851,1.644998582
3852,0.832931805
3853,0.806838887
3854,0.873814877
3855,0.849564171
3856,0.820914818
3857,0.865150004
3858,1.221941611
3859,1.065115431
3860,0.893772199
3861,1.154039025
3862,1.407907259
3863,1.034811836
3864,1.330470686
3865,0.775050486
3866,1.099969649
3867,1.037662457
3868,0.828100312
3869,0.562952695
3870,0.782391963
3871,1.014543152
3872,1.02955658
3873,0.699594752
3874,0.905214985
3875,1.111908477
3876,0.90041585
3877,0.960119148
3878,1.355453039
3879,0.891096303
3880,1.267465288
3881,1.500682222
3882,1.031867175
3883,0.796199617
3884,1.171695057
3885,0.928598641
3886,0.974610518
3887,1.205114429
3888,1.126030649
3889,1.004881159
3890,0.936547908
3891,1.357146196
3892,0.481935092
3893,0.580485863
3894,0.872603251
3895,1.002082226
3896,0.744775988
3897,0.98296098
3898,1.266231057
3899,0.941274597
3900,0.827807696
3901,1.588783339
3902,0.918438755
3903,1.282022877
3904,1.243512249
3905,0.695035131
3906,1.189507945
3907,1.160557218
3908,1.332118022
3909,1.204892188
3910,1.013703373
3911,1.367539421
3912,0.881908122
3913,1.221764375
3914,1.169120894
3915,1.107122058
3916,1.665846199
3917,0.978276755
3918,0.700868401
3919,0.626307235
3920,0.98361771
3921,0.88694587
3922,0.858057562
3923,1.02955658
3924,0.812197961
3925,0.901834637
3926,0.948958749
3927,0.99763659
3928,0.83046225
3929,0.899032528
3930,1.477796196
3931,0.932207331
3932,0.929919965
3933,0.878992263
3934,1.127272599
3935,0.868336277
3936,1.007815119
3937,0.986724508
3938,1.30108101
3939,0.802959223
3940,0.741676138
3941,1.033638528
3942,0.760753252
3943,1.111967971
3944,0.901032879
3945,1.136878237
3946,1.151960345
3947,0.98296098
3948,1.069020491
3949,1.365577302
3950,1.001024863
3951,1.236773264
3952,0.588366247
3953,1.366149731
3954,0.524516272
3955,1.451183803
3956,0.755059259
3957,1.222078878
3958,0.762609319
3959,0.762811262
3960,0.647786527
3961,1.107758557
3962,0.854508324
3963,0.558443253
3964,0.970730697
3965,1.011462149
3966,1.182130693
3967,1.584735303
3968,1.429450641
3969,1.416873099
3970,0.960340256
3971,1.16264715
3972,0.830176599
3973,0.695928284
3974,1.102049862
3975,1.208791351
3976,1.03271207
3977,1.044585514
3978,0.532708742
3979,1.044861991
3980,1.601372478
3981,1.042950644
3982,1.356149332
3983,0.7909358
3984,0.61436377
3985,1.185285499
3986,0.9426283
3987,0.911090579
3988,0.994401169
3989,0.696677886
3990,0.815365039
3991,0.896901469
3992,1.266969915
3993,1.261291327
3994,1.656805519
3995,0.497985639
3996,0.835354296
3997,1.157746606
3998,1.173549382
3999,1.452777354
4000,1.191350301
4001,0.74403846
4002,1.034422198
4003,1.332092733
4004,0.841648669
4005,1.029809495
4006,1.132315183
4007,1.161962251
4008,0.916772468
4009,1.019002094
4010,0.903930159
4011,0.768852471
4012,0.850778666
4013,0.91927768
4014,1.138591508
4015,0.707302655
4016,1.097147872
4017,0.990459564
4018,1.088221659
4019,0.567226454
4020,1.130761865
4021,1.111042125
4022,0.767942677
4023,0.94443928
4024,0.856281642
4025,0.842913035
4026,0.877770568
4027,0.691669432
4028,1.106857425
4029,0.700665954
4030,0.897187434
4031,1.437057201
4032,0.762396271
4033,1.2736533
4034,0.919096705
4035,1.162045179
4036,0.966981502
4037,1.019746829
4038,0.938038449
4039,0.79938938
4040,0.89712471
4041,1.039479127
4042,1.131861074
4043,0.792240877
4044,1.470409915
4045,1.210327694
4046,0.831054962
4047,0.692940883
4048,1.06091468
4049,0.779034482
4050,0.768047383
4051,0.702609426
4052,0.85818318
4053,0.847459012
4054,0.964096943
4055,0.728728275
4056,0.89384531
4057,1.293789175
4058,1.60674005
4059,0.965354474
4060,0.956517571
4061,0.973885206
4062,1.034135533
4063,0.838471102
4064,0.821673037
4065,0.952627215
4066,0.771808677
4067,0.925813536
4068,1.367149766
4069,0.897742117
4070,1.036117164
4071,0.654254956
4072,1.063157305
4073,0.805984858
4074,0.677911655
4075,1.679307595
4076,1.225485553
4077,0.990136857
4078,1.082389707
4079,1.017659793
4080,1.003045776
4081,1.010586639
4082,0.782264247
4083,1.055256853
4084,0.880829002
4085,0.85438976
4086,0.88301013
4087,1.121421601
4088,0.725220511
4089,1.201229836
4090,0.809816575
4091,0.942151957
4092,0.900668627
4093,1.055849934
4094,0.843130297
4095,0.728425696
4096,1.034633287
4097,1.022435826
4098,1.073014261
4099,1.237120606
4100,0.819147964
4101,0.574609156
4102,0.534410636
4103,1.804470014
4104,0.793853549
4105,0.854660875
4106,1.049412063
4107,0.863834561
4108,0.829910978
4109,1.011642154
4110,0.846155146
4111,0.898983111
4112,1.116487588
4113,0.933032005
4114,0.648803891
4115,1.079954454
4116,0.804273558
4117,0.87657047
4118,1.130522367
4119,1.113427704
4120,0.854260034
4121,0.56118254
4122,0.539835462
4123,1.126034347
4124,0.74174128
4125,1.17640409
4126,1.421973596
4127,0.881649227
4128,1.327588246
4129,0.858600055
4130,0.801238131
4131,0.803831493
4132,1.14550229
4133,0.953685628
4134,0.990835739
4135,0.711646127
4136,0.855216393
4137,0.697258498
4138,0.855665067
4139,0.934144448
4140,0.95683854
4141,0.894309984
4142,0.884544125
4143,1.231910516
4144,0.69982158
4145,0.909225397
4146,1.24494819
4147,0.691053132
4148,0.971214625
4149,1.307298366
4150,1.276368382
4151,1.071279195
4152,1.013820091
4153,1.272480835
4154,1.024885904
4155,1.464052854
4156,0.949911621
4157,1.146167694
4158,0.690675062
4159,0.642413264
4160,0.867658298
4161,1.419064055
4162,0.860872645
4163,0.817079167
4164,1.34931831
4165,0.724688019
4166,0.96949751
4167,0.778756238
4168,0.935658148
4169,0.945343688
4170,0.948092632
4171,0.795085179
4172,0.579664863
4173,0.790216558
4174,0.976633077
4175,1.398109095
4176,0.812186637
4177,1.212485361
4178,0.935561015
4179,0.946505418
4180,0.959578412
4181,1.193675468
4182,0.714822273
4183,0.707185329
4184,0.826159375
4185,1.166574436
4186,0.671933187
4187,0.631026969
4188,0.749616112
4189,0.698140723
4190,0.762487663
4191,0.931477584
4192,0.557900425
4193,1.072743897
4194,0.96502606
4195,0.864390292
4196,0.926503529
4197,1.144946173
4198,0.97039199
4199,0.986735059
4200,0.707018857
4201,1.281942123
4202,0.903188661
4203,0.984657385
4204,0.929902603
4205,1.1048817
4206,0.951541532
4207,1.42505321
4208,1.621684194
4209,1.311502266
4210,1.037381918
4211,0.785375705
4212,1.204540611
4213,1.229905825
4214,0.894351669
4215,0.722529728
4216,1.869993436
4217,0.698280193
4218,0.850182808
4219,0.916273857
4220,0.773125636
4221,0.764058571
4222,1.059263014
4223,0.938862658
4224,1.001510255
4225,1.487717008
4226,1.627800531
4227,1.211689911
4228,0.944298532
4229,1.101476048
4230,0.910467724
4231,0.881733162
4232,0.622272739
4233,0.594979967
4234,1.115400421
4235,1.227732714
4236,1.513945091
4237,0.920365503
4238,1.564708662
4239,1.133522801
4240,0.63451157
4241,0.908649745
4242,0.862426737
4243,0.705790312
4244,1.276846371
4245,0.6502475
4246,0.710373102
4247,0.82788242
4248,1.222779648
4249,1.172843923
4250,0.932709522
4251,0.982557158
4252,1.16028755
4253,1.135127041
4254,0.813754801
4255,0.753654235
4256,1.075819738
4257,1.34254782
4258,1.082605806
4259,1.020373754
4260,0.941571784
4261,1.129748077
4262,1.040002418
4263,1.141123114
4264,0.663761668
4265,0.918606215
4266,1.757492219
4267,0.899689914
4268,0.711738391
4269,0.934513691
4270,0.888481281
4271,0.732950537
4272,0.830056206
4273,1.070607214
4274,1.400236625
4275,1.392535648
4276,0.69102355
4277,1.001786498
4278,0.826651137
4279,0.96558139
4280,1.107326513
4281,0.987928522
4282,0.749257303
4283,1.318725427
4284,1.038092854
4285,1.048927808
4286,0.804307606
4287,0.948998552
4288,0.915726987
4289,1.031369455
4290,1.063554755
4291,1.112587664
4292,1.080049256
4293,0.698775264
4294,1.085573364
4295,0.744718721
4296,0.5541618
4297,1.110705567
4298,0.969074654
4299,1.225388321
4300,1.44103954
4301,1.043725079
4302,1.505989295
4303,1.310946967
4304,1.309961787
4305,1.556210631
4306,0.801494874
4307,1.039040804
4308,1.537124431
4309,1.413558017
4310,1.159141772
4311,0.935029309
4312,0.768813688
4313,0.850042935
4314,0.970742301
4315,1.522747948
4316,1.133975381
4317,1.251281079
4318,0.915283386
4319,1.103046699
4320,1.134871446
4321,1.147583189
4322,1.245416457
4323,0.924000349
4324,1.284653912
4325,0.526794189
4326,1.327275674
4327,1.128251974
4328,0.77317472
4329,1.246398419
4330,1.210833896
4331,0.653948847
4332,0.918711206
4333,0.791087646
4334,0.585337691
4335,0.955187563
4336,0.892445596
4337,0.72936133
4338,1.048850293
4339,0.848521966
4340,0.873414924
4341,0.708701996
4342,1.039946678
4343,0.884607697
4344,1.558263667
4345,1.155790649
4346,1.353378557
4347,1.012086473
4348,0.876509652
4349,0.886970645
4350,0.703483808
4351,1.1035536
4352,0.898433484
4353,0.851679724
4354,1.450394193
4355,0.896901469
4356,1.389149781
4357,1.194335968
4358,0.949448991
4359,0.819134211
4360,0.711125913
4361,0.88095566
4362,1.038906646
4363,0.999994532
4364,1.027705269
4365,0.805649353
4366,0.844154038
4367,1.362823849
4368,1.258645539
4369,0.863741453
4370,1.300068893
4371,1.142171117
4372,1.279523626
4373,1.210299042
4374,1.145026945
4375,0.846207407
4376,1.048653094
4377,1.385875995
4378,1.251790896
4379,0.935509532
4380,1.081602001
4381,1.107206541
4382,1.078341032
4383,0.990294319
4384,1.309993483
4385,0.944592779
4386,0.706670469
4387,1.147558514
4388,0.73122438
4389,1.075589213
4390,1.339273374
4391,0.94824572
4392,0.97499322
4393,1.024482501
4394,1.176510917
4395,0.836879146
4396,1.036069257
4397,1.10868162
4398,1.3474266
4399,0.873608364
4400,0.868015681
4401,0.856948086
4402,1.079690469
4403,0.960171422
4404,0.815038511
4405,0.991953264
4406,0.844976114
4407,1.169230689
4408,0.950997883
4409,1.164876836
4410,1.140990884
4411,1.077494867
4412,0.826470305
4413,0.822628901
4414,1.400162752
4415,0.900195122
4416,1.164772317
4417,1.254607691
4418,0.898589617
4419,0.956194995
4420,0.570587378
4421,0.651252208
4422,0.834398694
4423,1.029403538
4424,0.880271147
4425,0.770216347
4426,0.83107433
4427,1.485755274
4428,1.071282431
4429,0.869751606
4430,1.173928273
4431,1.227318021
4432,1.174576894
4433,0.701910611
4434,0.966697966
4435,1.069930798
4436,1.540103155
4437,0.965832675
4438,0.861258573
4439,0.937023927
4440,0.96228087
4441,1.461174551
4442,0.896901469
4443,0.907956313
4444,1.007786273
4445,1.441912356
4446,1.056363823
4447,0.753915644
4448,1.182873535
4449,1.004572
4450,0.861241883
4451,0.844154038
4452,0.806540033
4453,0.608485418
4454,1.051449502
4455,1.104462808
4456,0.91616988
4457,0.974739309
4458,1.120683151
4459,1.037602451
4460,0.988678992
4461,0.855216393
4462,0.848100907
4463,1.076239786
4464,0.784809805
4465,1.402112288
4466,0.824148032
4467,1.122577882
4468,0.964629524
4469,1.226927445
4470,1.222783227
4471,0.891379439
4472,0.928093052
4473,0.86265566
4474,1.341456079
4475,1.126030649
4476,0.940425232
4477,1.992922537
4478,1.307217883
4479,1.025242206
4480,0.961686658
4481,0.960636116
4482,1.084261546
4483,0.935014698
4484,0.764963011
4485,0.652436512
4486,0.5766865
4487,1.179107841
4488,0.942364976
4489,0.855448868
4490,1.073164863
4491,0.955787022
4492,0.911357143
4493,1.426919365
4494,0.973438808
4495,0.63990766
4496,0.971351534
4497,0.960100111
4498,1.114986927
4499,0.748458043
4500,0.711746577
4501,1.149140959
4502,0.92961482
4503,0.788479735
4504,1.312735759
4505,0.800623976
4506,0.929034655
4507,0.75795656
4508,0.86918582
4509,0.849129843
4510,0.711014059
4511,0.779910409
4512,0.987928522
4513,1.269576798
4514,0.907545828
4515,0.883554852
4516,1.090970139
4517,1.406431466
4518,0.819270323
4519,0.825466217
4520,1.097245548
4521,0.997573395
4522,0.979158705
4523,0.870418026
4524,1.065244069
4525,0.845203087
4526,0.921042285
4527,0.855216393
4528,0.845505001
4529,0.811799172
4530,0.76178372
4531,1.002116058
4532,0.897603568
4533,1.13480727
4534,0.652878901
4535,1.037347574
4536,0.947040295
4537,0.999594828
4538,1.406050076
4539,0.867260826
4540,0.723951596
4541,1.101350926
4542,0.84814765
4543,1.087745865
4544,0.827403716
4545,0.935956978
4546,1.336985972
4547,0.865509281
4548,1.011361656
4549,0.842818445
4550,0.727101649
4551,1.096399477
4552,1.142795666
4553,0.885435652
4554,0.991823153
4555,1.070189051
4556,1.28196284
4557,1.45609647
4558,1.420762911
4559,0.942583741
4560,1.56807471
4561,1.075510493
4562,1.055439465
4563,1.040853077
4564,0.65398861
4565,1.278126802
4566,0.931764648
4567,0.631177228
4568,1.010312411
4569,1.063432084
4570,1.221522488
4571,0.979314104
4572,0.778152029
4573,0.581749504
4574,1.04569896
4575,0.862320135
4576,0.937777127
4577,0.763419453
4578,1.373205482
4579,0.896901469
4580,1.313742217
4581,1.303190522
4582,1.393812081
4583,0.903258088
4584,0.885454242
4585,0.871604417
4586,0.895372151
4587,0.906331027
4588,0.900626122
4589,0.863741453
4590,0.878097295
4591,0.9716377
4592,0.641175126
4593,1.2402432
4594,1.335403538
4595,1.516741613
4596,1.086480655
4597,0.943953482
4598,0.980199923
4599,1.012977309
4600,1.050868926
4601,0.980053849
4602,1.297707644
4603,0.845507695
4604,0.778987536
4605,1.139301858
4606,0.929471876
4607,0.851449968
4608,1.343504417
4609,0.82284333
4610,0.950676601
4611,1.68873018
4612,0.884747159
4613,0.867889227
4614,1.137401531
4615,0.874585466
4616,1.001815401
4617,1.297385284
4618,1.315043575
4619,0.769315473
4620,1.367529542
4621,1.092087392
4622,0.807163191
4623,1.019615325
4624,1.128468195
4625,0.950647288
4626,1.551811901
4627,0.959244362
4628,1.476522628
4629,0.909128801
4630,1.065923359
4631,1.168321801
4632,0.617209474
4633,0.779842046
4634,1.136035502
4635,1.28147991
4636,0.898254351
4637,1.052257028
4638,1.781100505
4639,1.11665394
4640,1.750613763
4641,1.111886242
4642,1.041619569
4643,0.765503472
4644,0.902806393
4645,0.882745321
4646,1.099555271
4647,0.943851794
4648,0.684041903
4649,0.772813149
4650,1.110430591
4651,1.087206788
4652,0.857223952
4653,1.029631882
4654,1.069864942
4655,1.242612851
4656,1.048890553
4657,0.927748759
4658,0.795686993
4659,1.15070627
4660,1.047029318
4661,1.178515173
4662,1.181645943
4663,0.834786625
4664,0.986332658
4665,1.42777596
4666,0.874398775
4667,1.1344075
4668,1.014064428
4669,1.268285748
4670,1.35204705
4671,1.104509348
4672,0.731099839
4673,1.405306933
4674,0.82575732
4675,1.844653788
4676,0.820397015
4677,0.622801085
4678,0.782338395
4679,1.071027201
4680,0.683137255
4681,0.812186637
4682,1.391301924
4683,0.982745831
4684,1.245386672
4685,0.875421032
4686,0.813730079
4687,1.241979745
4688,1.235467895
4689,0.892507631
4690,0.720502675
4691,0.964391187
4692,0.912271715
4693,0.969153454
4694,0.795875226
4695,1.064918793
4696,1.114241849
4697,1.169930636
4698,0.903887006
4699,1.342346932
4700,0.9883397
4701,0.818082029
4702,1.215106038
4703,0.961740768
4704,0.674414404
4705,1.718947596
4706,0.888151103
4707,0.848639903
4708,0.752362946
4709,0.786278425
4710,0.660372973
4711,1.027523869
4712,0.627116381
4713,1.603898101
4714,1.30025086
4715,1.507437221
4716,0.753998485
4717,1.192749758
4718,1.103654976
4719,0.694539848
4720,1.013142867
4721,1.3470077
4722,1.07536739
4723,0.790858226
4724,1.293372015
4725,0.778856613
4726,0.817980317
4727,1.198725634
4728,0.845841253
4729,1.14480318
4730,0.96502606
4731,0.980201526
4732,0.539159787
4733,1.290880798
4734,1.343889859
4735,1.31302774
4736,1.091290659
4737,0.96018067
4738,1.083503454
4739,0.962710362
4740,1.031397792
4741,1.061871153
4742,0.895621382
4743,0.750949682
4744,0.992545794
4745,1.049307274
4746,0.726473768
4747,0.711402124
4748,1.047980662
4749,0.849137947
4750,0.775364661
4751,0.909835678
4752,1.046106152
4753,1.165935591
4754,1.014025683
4755,0.773850292
4756,0.763462007
4757,1.001514497
4758,1.240852179
4759,0.884009829
4760,0.940048395
4761,0.903999703
4762,1.514959921
4763,1.012977309
4764,0.944829358
4765,0.598381943
4766,1.707213354
4767,1.025220445
4768,0.53578649
4769,0.956311051
4770,1.295272358
4771,1.252646127
4772,0.983523066
4773,1.301842613
4774,1.322815326
4775,0.868595266
4776,1.139651542
4777,1.181123135
4778,0.99782502
4779,1.201597494
4780,0.896573018
4781,1.452802507
4782,0.796337611
4783,0.988128731
4784,0.95847563
4785,0.863741453
4786,1.043518922
4787,0.834060874
4788,0.992831896
4789,1.33419136
4790,1.091117101
4791,0.958656645
4792,0.553995262
4793,1.11685774
4794,1.113073057
4795,0.867872595
4796,0.999594828
4797,0.834031951
4798,1.152263413
4799,0.994725667
4800,1.483602757
4801,0.977405445
4802,0.725334839
4803,0.57953879
4804,1.504519275
4805,0.957790159
4806,0.928093052
4807,1.214237912
4808,0.932694043
4809,1.015833024
4810,0.836790155
4811,0.970944077
4812,1.150987699
4813,0.741217043
4814,0.654436783
4815,1.017708579
4816,1.089569304
4817,1.063320765
4818,0.943894366
4819,1.556218027
4820,0.700343584
4821,0.881733162
4822,0.77221918
4823,0.854832773
4824,0.850042935
4825,0.898829952
4826,1.259395685
4827,0.805635054
4828,0.72052497
4829,1.002704544
4830,0.77812811
4831,0.8143631
4832,1.336897007
4833,0.856174392
4834,1.033876397
4835,1.001419425
4836,1.063020371
4837,1.20502301
4838,0.846878838
4839,0.878613823
4840,0.851617089
4841,0.808360713
4842,0.940829441
4843,0.843951425
4844,0.569996722
4845,0.589055033
4846,0.852972745
4847,0.541402377
4848,1.019615325
4849,0.825401794
4850,0.722221772
4851,1.495529019
4852,0.853453264
4853,0.846181949
4854,1.145215968
4855,1.43398442
4856,1.169237369
4857,0.893374776
4858,0.739021337
4859,0.836273531
4860,0.966060594
4861,0.765894356
4862,0.643584605
4863,0.945794286
4864,0.60742325
4865,1.334314793
4866,1.391883557
4867,0.969717353
4868,0.986319591
4869,1.197823786
4870,0.564585892
4871,1.14323783
4872,0.853284338
4873,0.892389164
4874,1.445021468
4875,0.679971323
4876,1.128157676
4877,0.928750614
4878,0.760404635
4879,0.850216184
4880,0.512206068
4881,0.809129275
4882,0.855216393
4883,1.088900537
4884,1.247735606
4885,1.237870597
4886,0.898522106
4887,0.83261185
4888,0.625891989
4889,0.677968129
4890,0.951636266
4891,0.650439312
4892,0.986560885
4893,0.850760158
4894,0.975715294
4895,1.136079694
4896,1.139514897
4897,0.852855001
4898,1.43313361
4899,0.88479935
4900,1.180702602
4901,1.030823376
4902,0.990281664
4903,0.652418553
4904,0.495263545
4905,1.141570954
4906,1.106148442
4907,0.811431898
4908,0.866113672
4909,0.788531549
4910,1.165605966
4911,0.968653047
4912,1.05696179
4913,1.186860288
4914,1.245213665
4915,1.120635361
4916,0.777029949
4917,0.908199301
4918,0.57752135
4919,1.715301109
4920,1.169026896
4921,0.839674637
4922,0.806594103
4923,1.150578405
4924,1.090967517
4925,1.061361013
4926,0.84123516
4927,1.498353052
4928,1.236410413
4929,0.691790309
4930,1.234472635
4931,1.192535184
4932,0.710023218
4933,1.193549358
4934,1.12777787
4935,0.982612648
4936,0.813365672
4937,1.166383097
4938,0.576942996
4939,1.181882471
4940,1.03439414
